indice_temporal,virus,casos,ano,semana,ano_semana
1,Adenovírus,6,2019,1,2019-SE01
1,Bocavírus,0,2019,1,2019-SE01
1,Influenza A(H1N1)pdm09,7,2019,1,2019-SE01
1,Influenza A(H3N2),1,2019,1,2019-SE01
1,Influenza A(não subtipada),2,2019,1,2019-SE01
1,Influenza B,8,2019,1,2019-SE01
1,Metapneumovírus,13,2019,1,2019-SE01
1,Outros vírus respiratórios,1,2019,1,2019-SE01
1,Parainfluenza,7,2019,1,2019-SE01
1,Rinovírus,4,2019,1,2019-SE01
1,SARS-CoV-2,0,2019,1,2019-SE01
1,VSR,22,2019,1,2019-SE01
2,Adenovírus,2,2019,2,2019-SE02
2,Bocavírus,0,2019,2,2019-SE02
2,Influenza A(H1N1)pdm09,3,2019,2,2019-SE02
2,Influenza A(H3N2),3,2019,2,2019-SE02
2,Influenza A(não subtipada),0,2019,2,2019-SE02
2,Influenza B,9,2019,2,2019-SE02
2,Metapneumovírus,3,2019,2,2019-SE02
2,Outros vírus respiratórios,2,2019,2,2019-SE02
2,Parainfluenza,12,2019,2,2019-SE02
2,Rinovírus,5,2019,2,2019-SE02
2,SARS-CoV-2,0,2019,2,2019-SE02
2,VSR,26,2019,2,2019-SE02
3,Adenovírus,6,2019,3,2019-SE03
3,Bocavírus,0,2019,3,2019-SE03
3,Influenza A(H1N1)pdm09,1,2019,3,2019-SE03
3,Influenza A(H3N2),1,2019,3,2019-SE03
3,Influenza A(não subtipada),0,2019,3,2019-SE03
3,Influenza B,2,2019,3,2019-SE03
3,Metapneumovírus,5,2019,3,2019-SE03
3,Outros vírus respiratórios,0,2019,3,2019-SE03
3,Parainfluenza,2,2019,3,2019-SE03
3,Rinovírus,3,2019,3,2019-SE03
3,SARS-CoV-2,0,2019,3,2019-SE03
3,VSR,35,2019,3,2019-SE03
4,Adenovírus,6,2019,4,2019-SE04
4,Bocavírus,0,2019,4,2019-SE04
4,Influenza A(H1N1)pdm09,9,2019,4,2019-SE04
4,Influenza A(H3N2),1,2019,4,2019-SE04
4,Influenza A(não subtipada),1,2019,4,2019-SE04
4,Influenza B,2,2019,4,2019-SE04
4,Metapneumovírus,6,2019,4,2019-SE04
4,Outros vírus respiratórios,2,2019,4,2019-SE04
4,Parainfluenza,9,2019,4,2019-SE04
4,Rinovírus,2,2019,4,2019-SE04
4,SARS-CoV-2,0,2019,4,2019-SE04
4,VSR,21,2019,4,2019-SE04
5,Adenovírus,9,2019,5,2019-SE05
5,Bocavírus,0,2019,5,2019-SE05
5,Influenza A(H1N1)pdm09,8,2019,5,2019-SE05
5,Influenza A(H3N2),3,2019,5,2019-SE05
5,Influenza A(não subtipada),1,2019,5,2019-SE05
5,Influenza B,4,2019,5,2019-SE05
5,Metapneumovírus,4,2019,5,2019-SE05
5,Outros vírus respiratórios,1,2019,5,2019-SE05
5,Parainfluenza,9,2019,5,2019-SE05
5,Rinovírus,0,2019,5,2019-SE05
5,SARS-CoV-2,0,2019,5,2019-SE05
5,VSR,49,2019,5,2019-SE05
6,Adenovírus,5,2019,6,2019-SE06
6,Bocavírus,1,2019,6,2019-SE06
6,Influenza A(H1N1)pdm09,7,2019,6,2019-SE06
6,Influenza A(H3N2),2,2019,6,2019-SE06
6,Influenza A(não subtipada),1,2019,6,2019-SE06
6,Influenza B,1,2019,6,2019-SE06
6,Metapneumovírus,2,2019,6,2019-SE06
6,Outros vírus respiratórios,2,2019,6,2019-SE06
6,Parainfluenza,8,2019,6,2019-SE06
6,Rinovírus,6,2019,6,2019-SE06
6,SARS-CoV-2,0,2019,6,2019-SE06
6,VSR,35,2019,6,2019-SE06
7,Adenovírus,8,2019,7,2019-SE07
7,Bocavírus,0,2019,7,2019-SE07
7,Influenza A(H1N1)pdm09,29,2019,7,2019-SE07
7,Influenza A(H3N2),2,2019,7,2019-SE07
7,Influenza A(não subtipada),5,2019,7,2019-SE07
7,Influenza B,1,2019,7,2019-SE07
7,Metapneumovírus,4,2019,7,2019-SE07
7,Outros vírus respiratórios,3,2019,7,2019-SE07
7,Parainfluenza,10,2019,7,2019-SE07
7,Rinovírus,6,2019,7,2019-SE07
7,SARS-CoV-2,0,2019,7,2019-SE07
7,VSR,54,2019,7,2019-SE07
8,Adenovírus,6,2019,8,2019-SE08
8,Bocavírus,0,2019,8,2019-SE08
8,Influenza A(H1N1)pdm09,51,2019,8,2019-SE08
8,Influenza A(H3N2),1,2019,8,2019-SE08
8,Influenza A(não subtipada),1,2019,8,2019-SE08
8,Influenza B,6,2019,8,2019-SE08
8,Metapneumovírus,4,2019,8,2019-SE08
8,Outros vírus respiratórios,1,2019,8,2019-SE08
8,Parainfluenza,10,2019,8,2019-SE08
8,Rinovírus,8,2019,8,2019-SE08
8,SARS-CoV-2,0,2019,8,2019-SE08
8,VSR,124,2019,8,2019-SE08
9,Adenovírus,11,2019,9,2019-SE09
9,Bocavírus,0,2019,9,2019-SE09
9,Influenza A(H1N1)pdm09,31,2019,9,2019-SE09
9,Influenza A(H3N2),5,2019,9,2019-SE09
9,Influenza A(não subtipada),2,2019,9,2019-SE09
9,Influenza B,6,2019,9,2019-SE09
9,Metapneumovírus,8,2019,9,2019-SE09
9,Outros vírus respiratórios,2,2019,9,2019-SE09
9,Parainfluenza,10,2019,9,2019-SE09
9,Rinovírus,14,2019,9,2019-SE09
9,SARS-CoV-2,0,2019,9,2019-SE09
9,VSR,139,2019,9,2019-SE09
10,Adenovírus,4,2019,10,2019-SE10
10,Bocavírus,2,2019,10,2019-SE10
10,Influenza A(H1N1)pdm09,19,2019,10,2019-SE10
10,Influenza A(H3N2),4,2019,10,2019-SE10
10,Influenza A(não subtipada),2,2019,10,2019-SE10
10,Influenza B,7,2019,10,2019-SE10
10,Metapneumovírus,5,2019,10,2019-SE10
10,Outros vírus respiratórios,6,2019,10,2019-SE10
10,Parainfluenza,15,2019,10,2019-SE10
10,Rinovírus,9,2019,10,2019-SE10
10,SARS-CoV-2,0,2019,10,2019-SE10
10,VSR,178,2019,10,2019-SE10
11,Adenovírus,8,2019,11,2019-SE11
11,Bocavírus,0,2019,11,2019-SE11
11,Influenza A(H1N1)pdm09,26,2019,11,2019-SE11
11,Influenza A(H3N2),7,2019,11,2019-SE11
11,Influenza A(não subtipada),3,2019,11,2019-SE11
11,Influenza B,7,2019,11,2019-SE11
11,Metapneumovírus,10,2019,11,2019-SE11
11,Outros vírus respiratórios,6,2019,11,2019-SE11
11,Parainfluenza,6,2019,11,2019-SE11
11,Rinovírus,11,2019,11,2019-SE11
11,SARS-CoV-2,0,2019,11,2019-SE11
11,VSR,231,2019,11,2019-SE11
12,Adenovírus,9,2019,12,2019-SE12
12,Bocavírus,1,2019,12,2019-SE12
12,Influenza A(H1N1)pdm09,35,2019,12,2019-SE12
12,Influenza A(H3N2),15,2019,12,2019-SE12
12,Influenza A(não subtipada),10,2019,12,2019-SE12
12,Influenza B,10,2019,12,2019-SE12
12,Metapneumovírus,9,2019,12,2019-SE12
12,Outros vírus respiratórios,13,2019,12,2019-SE12
12,Parainfluenza,19,2019,12,2019-SE12
12,Rinovírus,12,2019,12,2019-SE12
12,SARS-CoV-2,0,2019,12,2019-SE12
12,VSR,258,2019,12,2019-SE12
13,Adenovírus,10,2019,13,2019-SE13
13,Bocavírus,0,2019,13,2019-SE13
13,Influenza A(H1N1)pdm09,47,2019,13,2019-SE13
13,Influenza A(H3N2),15,2019,13,2019-SE13
13,Influenza A(não subtipada),8,2019,13,2019-SE13
13,Influenza B,10,2019,13,2019-SE13
13,Metapneumovírus,12,2019,13,2019-SE13
13,Outros vírus respiratórios,8,2019,13,2019-SE13
13,Parainfluenza,7,2019,13,2019-SE13
13,Rinovírus,17,2019,13,2019-SE13
13,SARS-CoV-2,0,2019,13,2019-SE13
13,VSR,300,2019,13,2019-SE13
14,Adenovírus,16,2019,14,2019-SE14
14,Bocavírus,0,2019,14,2019-SE14
14,Influenza A(H1N1)pdm09,38,2019,14,2019-SE14
14,Influenza A(H3N2),22,2019,14,2019-SE14
14,Influenza A(não subtipada),14,2019,14,2019-SE14
14,Influenza B,13,2019,14,2019-SE14
14,Metapneumovírus,9,2019,14,2019-SE14
14,Outros vírus respiratórios,10,2019,14,2019-SE14
14,Parainfluenza,17,2019,14,2019-SE14
14,Rinovírus,6,2019,14,2019-SE14
14,SARS-CoV-2,0,2019,14,2019-SE14
14,VSR,339,2019,14,2019-SE14
15,Adenovírus,14,2019,15,2019-SE15
15,Bocavírus,6,2019,15,2019-SE15
15,Influenza A(H1N1)pdm09,66,2019,15,2019-SE15
15,Influenza A(H3N2),19,2019,15,2019-SE15
15,Influenza A(não subtipada),13,2019,15,2019-SE15
15,Influenza B,19,2019,15,2019-SE15
15,Metapneumovírus,13,2019,15,2019-SE15
15,Outros vírus respiratórios,12,2019,15,2019-SE15
15,Parainfluenza,10,2019,15,2019-SE15
15,Rinovírus,18,2019,15,2019-SE15
15,SARS-CoV-2,0,2019,15,2019-SE15
15,VSR,346,2019,15,2019-SE15
16,Adenovírus,20,2019,16,2019-SE16
16,Bocavírus,2,2019,16,2019-SE16
16,Influenza A(H1N1)pdm09,101,2019,16,2019-SE16
16,Influenza A(H3N2),37,2019,16,2019-SE16
16,Influenza A(não subtipada),23,2019,16,2019-SE16
16,Influenza B,21,2019,16,2019-SE16
16,Metapneumovírus,21,2019,16,2019-SE16
16,Outros vírus respiratórios,5,2019,16,2019-SE16
16,Parainfluenza,12,2019,16,2019-SE16
16,Rinovírus,19,2019,16,2019-SE16
16,SARS-CoV-2,0,2019,16,2019-SE16
16,VSR,389,2019,16,2019-SE16
17,Adenovírus,14,2019,17,2019-SE17
17,Bocavírus,4,2019,17,2019-SE17
17,Influenza A(H1N1)pdm09,129,2019,17,2019-SE17
17,Influenza A(H3N2),31,2019,17,2019-SE17
17,Influenza A(não subtipada),25,2019,17,2019-SE17
17,Influenza B,23,2019,17,2019-SE17
17,Metapneumovírus,11,2019,17,2019-SE17
17,Outros vírus respiratórios,5,2019,17,2019-SE17
17,Parainfluenza,15,2019,17,2019-SE17
17,Rinovírus,14,2019,17,2019-SE17
17,SARS-CoV-2,0,2019,17,2019-SE17
17,VSR,364,2019,17,2019-SE17
18,Adenovírus,18,2019,18,2019-SE18
18,Bocavírus,8,2019,18,2019-SE18
18,Influenza A(H1N1)pdm09,168,2019,18,2019-SE18
18,Influenza A(H3N2),32,2019,18,2019-SE18
18,Influenza A(não subtipada),23,2019,18,2019-SE18
18,Influenza B,30,2019,18,2019-SE18
18,Metapneumovírus,20,2019,18,2019-SE18
18,Outros vírus respiratórios,10,2019,18,2019-SE18
18,Parainfluenza,13,2019,18,2019-SE18
18,Rinovírus,21,2019,18,2019-SE18
18,SARS-CoV-2,0,2019,18,2019-SE18
18,VSR,354,2019,18,2019-SE18
19,Adenovírus,18,2019,19,2019-SE19
19,Bocavírus,9,2019,19,2019-SE19
19,Influenza A(H1N1)pdm09,169,2019,19,2019-SE19
19,Influenza A(H3N2),59,2019,19,2019-SE19
19,Influenza A(não subtipada),26,2019,19,2019-SE19
19,Influenza B,30,2019,19,2019-SE19
19,Metapneumovírus,21,2019,19,2019-SE19
19,Outros vírus respiratórios,7,2019,19,2019-SE19
19,Parainfluenza,9,2019,19,2019-SE19
19,Rinovírus,10,2019,19,2019-SE19
19,SARS-CoV-2,0,2019,19,2019-SE19
19,VSR,351,2019,19,2019-SE19
20,Adenovírus,29,2019,20,2019-SE20
20,Bocavírus,11,2019,20,2019-SE20
20,Influenza A(H1N1)pdm09,211,2019,20,2019-SE20
20,Influenza A(H3N2),60,2019,20,2019-SE20
20,Influenza A(não subtipada),50,2019,20,2019-SE20
20,Influenza B,25,2019,20,2019-SE20
20,Metapneumovírus,19,2019,20,2019-SE20
20,Outros vírus respiratórios,10,2019,20,2019-SE20
20,Parainfluenza,14,2019,20,2019-SE20
20,Rinovírus,19,2019,20,2019-SE20
20,SARS-CoV-2,0,2019,20,2019-SE20
20,VSR,341,2019,20,2019-SE20
21,Adenovírus,22,2019,21,2019-SE21
21,Bocavírus,14,2019,21,2019-SE21
21,Influenza A(H1N1)pdm09,247,2019,21,2019-SE21
21,Influenza A(H3N2),70,2019,21,2019-SE21
21,Influenza A(não subtipada),50,2019,21,2019-SE21
21,Influenza B,28,2019,21,2019-SE21
21,Metapneumovírus,16,2019,21,2019-SE21
21,Outros vírus respiratórios,10,2019,21,2019-SE21
21,Parainfluenza,21,2019,21,2019-SE21
21,Rinovírus,17,2019,21,2019-SE21
21,SARS-CoV-2,0,2019,21,2019-SE21
21,VSR,332,2019,21,2019-SE21
22,Adenovírus,28,2019,22,2019-SE22
22,Bocavírus,12,2019,22,2019-SE22
22,Influenza A(H1N1)pdm09,261,2019,22,2019-SE22
22,Influenza A(H3N2),53,2019,22,2019-SE22
22,Influenza A(não subtipada),63,2019,22,2019-SE22
22,Influenza B,20,2019,22,2019-SE22
22,Metapneumovírus,26,2019,22,2019-SE22
22,Outros vírus respiratórios,10,2019,22,2019-SE22
22,Parainfluenza,15,2019,22,2019-SE22
22,Rinovírus,28,2019,22,2019-SE22
22,SARS-CoV-2,0,2019,22,2019-SE22
22,VSR,284,2019,22,2019-SE22
23,Adenovírus,28,2019,23,2019-SE23
23,Bocavírus,14,2019,23,2019-SE23
23,Influenza A(H1N1)pdm09,231,2019,23,2019-SE23
23,Influenza A(H3N2),55,2019,23,2019-SE23
23,Influenza A(não subtipada),44,2019,23,2019-SE23
23,Influenza B,29,2019,23,2019-SE23
23,Metapneumovírus,19,2019,23,2019-SE23
23,Outros vírus respiratórios,14,2019,23,2019-SE23
23,Parainfluenza,12,2019,23,2019-SE23
23,Rinovírus,23,2019,23,2019-SE23
23,SARS-CoV-2,0,2019,23,2019-SE23
23,VSR,246,2019,23,2019-SE23
24,Adenovírus,26,2019,24,2019-SE24
24,Bocavírus,11,2019,24,2019-SE24
24,Influenza A(H1N1)pdm09,220,2019,24,2019-SE24
24,Influenza A(H3N2),52,2019,24,2019-SE24
24,Influenza A(não subtipada),45,2019,24,2019-SE24
24,Influenza B,35,2019,24,2019-SE24
24,Metapneumovírus,12,2019,24,2019-SE24
24,Outros vírus respiratórios,17,2019,24,2019-SE24
24,Parainfluenza,17,2019,24,2019-SE24
24,Rinovírus,24,2019,24,2019-SE24
24,SARS-CoV-2,0,2019,24,2019-SE24
24,VSR,222,2019,24,2019-SE24
25,Adenovírus,24,2019,25,2019-SE25
25,Bocavírus,9,2019,25,2019-SE25
25,Influenza A(H1N1)pdm09,173,2019,25,2019-SE25
25,Influenza A(H3N2),49,2019,25,2019-SE25
25,Influenza A(não subtipada),36,2019,25,2019-SE25
25,Influenza B,30,2019,25,2019-SE25
25,Metapneumovírus,18,2019,25,2019-SE25
25,Outros vírus respiratórios,24,2019,25,2019-SE25
25,Parainfluenza,11,2019,25,2019-SE25
25,Rinovírus,21,2019,25,2019-SE25
25,SARS-CoV-2,0,2019,25,2019-SE25
25,VSR,173,2019,25,2019-SE25
26,Adenovírus,33,2019,26,2019-SE26
26,Bocavírus,7,2019,26,2019-SE26
26,Influenza A(H1N1)pdm09,156,2019,26,2019-SE26
26,Influenza A(H3N2),36,2019,26,2019-SE26
26,Influenza A(não subtipada),22,2019,26,2019-SE26
26,Influenza B,26,2019,26,2019-SE26
26,Metapneumovírus,14,2019,26,2019-SE26
26,Outros vírus respiratórios,18,2019,26,2019-SE26
26,Parainfluenza,9,2019,26,2019-SE26
26,Rinovírus,21,2019,26,2019-SE26
26,SARS-CoV-2,0,2019,26,2019-SE26
26,VSR,140,2019,26,2019-SE26
27,Adenovírus,37,2019,27,2019-SE27
27,Bocavírus,9,2019,27,2019-SE27
27,Influenza A(H1N1)pdm09,126,2019,27,2019-SE27
27,Influenza A(H3N2),44,2019,27,2019-SE27
27,Influenza A(não subtipada),18,2019,27,2019-SE27
27,Influenza B,16,2019,27,2019-SE27
27,Metapneumovírus,17,2019,27,2019-SE27
27,Outros vírus respiratórios,11,2019,27,2019-SE27
27,Parainfluenza,17,2019,27,2019-SE27
27,Rinovírus,23,2019,27,2019-SE27
27,SARS-CoV-2,0,2019,27,2019-SE27
27,VSR,95,2019,27,2019-SE27
28,Adenovírus,23,2019,28,2019-SE28
28,Bocavírus,7,2019,28,2019-SE28
28,Influenza A(H1N1)pdm09,127,2019,28,2019-SE28
28,Influenza A(H3N2),34,2019,28,2019-SE28
28,Influenza A(não subtipada),22,2019,28,2019-SE28
28,Influenza B,23,2019,28,2019-SE28
28,Metapneumovírus,8,2019,28,2019-SE28
28,Outros vírus respiratórios,19,2019,28,2019-SE28
28,Parainfluenza,13,2019,28,2019-SE28
28,Rinovírus,15,2019,28,2019-SE28
28,SARS-CoV-2,0,2019,28,2019-SE28
28,VSR,78,2019,28,2019-SE28
29,Adenovírus,20,2019,29,2019-SE29
29,Bocavírus,6,2019,29,2019-SE29
29,Influenza A(H1N1)pdm09,129,2019,29,2019-SE29
29,Influenza A(H3N2),23,2019,29,2019-SE29
29,Influenza A(não subtipada),22,2019,29,2019-SE29
29,Influenza B,14,2019,29,2019-SE29
29,Metapneumovírus,9,2019,29,2019-SE29
29,Outros vírus respiratórios,15,2019,29,2019-SE29
29,Parainfluenza,17,2019,29,2019-SE29
29,Rinovírus,10,2019,29,2019-SE29
29,SARS-CoV-2,0,2019,29,2019-SE29
29,VSR,65,2019,29,2019-SE29
30,Adenovírus,22,2019,30,2019-SE30
30,Bocavírus,5,2019,30,2019-SE30
30,Influenza A(H1N1)pdm09,83,2019,30,2019-SE30
30,Influenza A(H3N2),13,2019,30,2019-SE30
30,Influenza A(não subtipada),6,2019,30,2019-SE30
30,Influenza B,12,2019,30,2019-SE30
30,Metapneumovírus,9,2019,30,2019-SE30
30,Outros vírus respiratórios,12,2019,30,2019-SE30
30,Parainfluenza,9,2019,30,2019-SE30
30,Rinovírus,15,2019,30,2019-SE30
30,SARS-CoV-2,0,2019,30,2019-SE30
30,VSR,39,2019,30,2019-SE30
31,Adenovírus,17,2019,31,2019-SE31
31,Bocavírus,4,2019,31,2019-SE31
31,Influenza A(H1N1)pdm09,77,2019,31,2019-SE31
31,Influenza A(H3N2),25,2019,31,2019-SE31
31,Influenza A(não subtipada),7,2019,31,2019-SE31
31,Influenza B,9,2019,31,2019-SE31
31,Metapneumovírus,13,2019,31,2019-SE31
31,Outros vírus respiratórios,7,2019,31,2019-SE31
31,Parainfluenza,11,2019,31,2019-SE31
31,Rinovírus,19,2019,31,2019-SE31
31,SARS-CoV-2,0,2019,31,2019-SE31
31,VSR,36,2019,31,2019-SE31
32,Adenovírus,17,2019,32,2019-SE32
32,Bocavírus,5,2019,32,2019-SE32
32,Influenza A(H1N1)pdm09,77,2019,32,2019-SE32
32,Influenza A(H3N2),14,2019,32,2019-SE32
32,Influenza A(não subtipada),6,2019,32,2019-SE32
32,Influenza B,13,2019,32,2019-SE32
32,Metapneumovírus,11,2019,32,2019-SE32
32,Outros vírus respiratórios,8,2019,32,2019-SE32
32,Parainfluenza,9,2019,32,2019-SE32
32,Rinovírus,14,2019,32,2019-SE32
32,SARS-CoV-2,0,2019,32,2019-SE32
32,VSR,44,2019,32,2019-SE32
33,Adenovírus,23,2019,33,2019-SE33
33,Bocavírus,3,2019,33,2019-SE33
33,Influenza A(H1N1)pdm09,86,2019,33,2019-SE33
33,Influenza A(H3N2),16,2019,33,2019-SE33
33,Influenza A(não subtipada),6,2019,33,2019-SE33
33,Influenza B,23,2019,33,2019-SE33
33,Metapneumovírus,11,2019,33,2019-SE33
33,Outros vírus respiratórios,9,2019,33,2019-SE33
33,Parainfluenza,13,2019,33,2019-SE33
33,Rinovírus,21,2019,33,2019-SE33
33,SARS-CoV-2,0,2019,33,2019-SE33
33,VSR,13,2019,33,2019-SE33
34,Adenovírus,16,2019,34,2019-SE34
34,Bocavírus,1,2019,34,2019-SE34
34,Influenza A(H1N1)pdm09,60,2019,34,2019-SE34
34,Influenza A(H3N2),10,2019,34,2019-SE34
34,Influenza A(não subtipada),11,2019,34,2019-SE34
34,Influenza B,15,2019,34,2019-SE34
34,Metapneumovírus,13,2019,34,2019-SE34
34,Outros vírus respiratórios,10,2019,34,2019-SE34
34,Parainfluenza,15,2019,34,2019-SE34
34,Rinovírus,17,2019,34,2019-SE34
34,SARS-CoV-2,0,2019,34,2019-SE34
34,VSR,26,2019,34,2019-SE34
35,Adenovírus,18,2019,35,2019-SE35
35,Bocavírus,2,2019,35,2019-SE35
35,Influenza A(H1N1)pdm09,46,2019,35,2019-SE35
35,Influenza A(H3N2),19,2019,35,2019-SE35
35,Influenza A(não subtipada),5,2019,35,2019-SE35
35,Influenza B,18,2019,35,2019-SE35
35,Metapneumovírus,12,2019,35,2019-SE35
35,Outros vírus respiratórios,4,2019,35,2019-SE35
35,Parainfluenza,8,2019,35,2019-SE35
35,Rinovírus,13,2019,35,2019-SE35
35,SARS-CoV-2,0,2019,35,2019-SE35
35,VSR,17,2019,35,2019-SE35
36,Adenovírus,21,2019,36,2019-SE36
36,Bocavírus,1,2019,36,2019-SE36
36,Influenza A(H1N1)pdm09,44,2019,36,2019-SE36
36,Influenza A(H3N2),10,2019,36,2019-SE36
36,Influenza A(não subtipada),13,2019,36,2019-SE36
36,Influenza B,20,2019,36,2019-SE36
36,Metapneumovírus,26,2019,36,2019-SE36
36,Outros vírus respiratórios,6,2019,36,2019-SE36
36,Parainfluenza,22,2019,36,2019-SE36
36,Rinovírus,15,2019,36,2019-SE36
36,SARS-CoV-2,0,2019,36,2019-SE36
36,VSR,18,2019,36,2019-SE36
37,Adenovírus,34,2019,37,2019-SE37
37,Bocavírus,4,2019,37,2019-SE37
37,Influenza A(H1N1)pdm09,55,2019,37,2019-SE37
37,Influenza A(H3N2),14,2019,37,2019-SE37
37,Influenza A(não subtipada),7,2019,37,2019-SE37
37,Influenza B,11,2019,37,2019-SE37
37,Metapneumovírus,23,2019,37,2019-SE37
37,Outros vírus respiratórios,11,2019,37,2019-SE37
37,Parainfluenza,24,2019,37,2019-SE37
37,Rinovírus,20,2019,37,2019-SE37
37,SARS-CoV-2,0,2019,37,2019-SE37
37,VSR,15,2019,37,2019-SE37
38,Adenovírus,21,2019,38,2019-SE38
38,Bocavírus,1,2019,38,2019-SE38
38,Influenza A(H1N1)pdm09,25,2019,38,2019-SE38
38,Influenza A(H3N2),10,2019,38,2019-SE38
38,Influenza A(não subtipada),6,2019,38,2019-SE38
38,Influenza B,11,2019,38,2019-SE38
38,Metapneumovírus,17,2019,38,2019-SE38
38,Outros vírus respiratórios,7,2019,38,2019-SE38
38,Parainfluenza,23,2019,38,2019-SE38
38,Rinovírus,18,2019,38,2019-SE38
38,SARS-CoV-2,0,2019,38,2019-SE38
38,VSR,5,2019,38,2019-SE38
39,Adenovírus,20,2019,39,2019-SE39
39,Bocavírus,0,2019,39,2019-SE39
39,Influenza A(H1N1)pdm09,27,2019,39,2019-SE39
39,Influenza A(H3N2),6,2019,39,2019-SE39
39,Influenza A(não subtipada),5,2019,39,2019-SE39
39,Influenza B,17,2019,39,2019-SE39
39,Metapneumovírus,23,2019,39,2019-SE39
39,Outros vírus respiratórios,2,2019,39,2019-SE39
39,Parainfluenza,29,2019,39,2019-SE39
39,Rinovírus,10,2019,39,2019-SE39
39,SARS-CoV-2,0,2019,39,2019-SE39
39,VSR,6,2019,39,2019-SE39
40,Adenovírus,19,2019,40,2019-SE40
40,Bocavírus,1,2019,40,2019-SE40
40,Influenza A(H1N1)pdm09,17,2019,40,2019-SE40
40,Influenza A(H3N2),7,2019,40,2019-SE40
40,Influenza A(não subtipada),5,2019,40,2019-SE40
40,Influenza B,14,2019,40,2019-SE40
40,Metapneumovírus,20,2019,40,2019-SE40
40,Outros vírus respiratórios,4,2019,40,2019-SE40
40,Parainfluenza,39,2019,40,2019-SE40
40,Rinovírus,11,2019,40,2019-SE40
40,SARS-CoV-2,0,2019,40,2019-SE40
40,VSR,13,2019,40,2019-SE40
41,Adenovírus,25,2019,41,2019-SE41
41,Bocavírus,0,2019,41,2019-SE41
41,Influenza A(H1N1)pdm09,15,2019,41,2019-SE41
41,Influenza A(H3N2),4,2019,41,2019-SE41
41,Influenza A(não subtipada),2,2019,41,2019-SE41
41,Influenza B,17,2019,41,2019-SE41
41,Metapneumovírus,13,2019,41,2019-SE41
41,Outros vírus respiratórios,3,2019,41,2019-SE41
41,Parainfluenza,32,2019,41,2019-SE41
41,Rinovírus,13,2019,41,2019-SE41
41,SARS-CoV-2,0,2019,41,2019-SE41
41,VSR,14,2019,41,2019-SE41
42,Adenovírus,21,2019,42,2019-SE42
42,Bocavírus,1,2019,42,2019-SE42
42,Influenza A(H1N1)pdm09,19,2019,42,2019-SE42
42,Influenza A(H3N2),7,2019,42,2019-SE42
42,Influenza A(não subtipada),3,2019,42,2019-SE42
42,Influenza B,16,2019,42,2019-SE42
42,Metapneumovírus,19,2019,42,2019-SE42
42,Outros vírus respiratórios,6,2019,42,2019-SE42
42,Parainfluenza,33,2019,42,2019-SE42
42,Rinovírus,10,2019,42,2019-SE42
42,SARS-CoV-2,0,2019,42,2019-SE42
42,VSR,5,2019,42,2019-SE42
43,Adenovírus,13,2019,43,2019-SE43
43,Bocavírus,2,2019,43,2019-SE43
43,Influenza A(H1N1)pdm09,15,2019,43,2019-SE43
43,Influenza A(H3N2),5,2019,43,2019-SE43
43,Influenza A(não subtipada),2,2019,43,2019-SE43
43,Influenza B,16,2019,43,2019-SE43
43,Metapneumovírus,17,2019,43,2019-SE43
43,Outros vírus respiratórios,4,2019,43,2019-SE43
43,Parainfluenza,40,2019,43,2019-SE43
43,Rinovírus,8,2019,43,2019-SE43
43,SARS-CoV-2,0,2019,43,2019-SE43
43,VSR,13,2019,43,2019-SE43
44,Adenovírus,23,2019,44,2019-SE44
44,Bocavírus,2,2019,44,2019-SE44
44,Influenza A(H1N1)pdm09,15,2019,44,2019-SE44
44,Influenza A(H3N2),1,2019,44,2019-SE44
44,Influenza A(não subtipada),1,2019,44,2019-SE44
44,Influenza B,11,2019,44,2019-SE44
44,Metapneumovírus,20,2019,44,2019-SE44
44,Outros vírus respiratórios,7,2019,44,2019-SE44
44,Parainfluenza,33,2019,44,2019-SE44
44,Rinovírus,12,2019,44,2019-SE44
44,SARS-CoV-2,0,2019,44,2019-SE44
44,VSR,5,2019,44,2019-SE44
45,Adenovírus,14,2019,45,2019-SE45
45,Bocavírus,3,2019,45,2019-SE45
45,Influenza A(H1N1)pdm09,7,2019,45,2019-SE45
45,Influenza A(H3N2),1,2019,45,2019-SE45
45,Influenza A(não subtipada),3,2019,45,2019-SE45
45,Influenza B,14,2019,45,2019-SE45
45,Metapneumovírus,13,2019,45,2019-SE45
45,Outros vírus respiratórios,3,2019,45,2019-SE45
45,Parainfluenza,36,2019,45,2019-SE45
45,Rinovírus,17,2019,45,2019-SE45
45,SARS-CoV-2,0,2019,45,2019-SE45
45,VSR,3,2019,45,2019-SE45
46,Adenovírus,20,2019,46,2019-SE46
46,Bocavírus,2,2019,46,2019-SE46
46,Influenza A(H1N1)pdm09,8,2019,46,2019-SE46
46,Influenza A(H3N2),3,2019,46,2019-SE46
46,Influenza A(não subtipada),2,2019,46,2019-SE46
46,Influenza B,18,2019,46,2019-SE46
46,Metapneumovírus,17,2019,46,2019-SE46
46,Outros vírus respiratórios,4,2019,46,2019-SE46
46,Parainfluenza,44,2019,46,2019-SE46
46,Rinovírus,6,2019,46,2019-SE46
46,SARS-CoV-2,0,2019,46,2019-SE46
46,VSR,6,2019,46,2019-SE46
47,Adenovírus,14,2019,47,2019-SE47
47,Bocavírus,0,2019,47,2019-SE47
47,Influenza A(H1N1)pdm09,6,2019,47,2019-SE47
47,Influenza A(H3N2),4,2019,47,2019-SE47
47,Influenza A(não subtipada),1,2019,47,2019-SE47
47,Influenza B,12,2019,47,2019-SE47
47,Metapneumovírus,21,2019,47,2019-SE47
47,Outros vírus respiratórios,9,2019,47,2019-SE47
47,Parainfluenza,34,2019,47,2019-SE47
47,Rinovírus,11,2019,47,2019-SE47
47,SARS-CoV-2,0,2019,47,2019-SE47
47,VSR,2,2019,47,2019-SE47
48,Adenovírus,18,2019,48,2019-SE48
48,Bocavírus,2,2019,48,2019-SE48
48,Influenza A(H1N1)pdm09,7,2019,48,2019-SE48
48,Influenza A(H3N2),3,2019,48,2019-SE48
48,Influenza A(não subtipada),4,2019,48,2019-SE48
48,Influenza B,17,2019,48,2019-SE48
48,Metapneumovírus,5,2019,48,2019-SE48
48,Outros vírus respiratórios,4,2019,48,2019-SE48
48,Parainfluenza,29,2019,48,2019-SE48
48,Rinovírus,12,2019,48,2019-SE48
48,SARS-CoV-2,0,2019,48,2019-SE48
48,VSR,5,2019,48,2019-SE48
49,Adenovírus,18,2019,49,2019-SE49
49,Bocavírus,0,2019,49,2019-SE49
49,Influenza A(H1N1)pdm09,6,2019,49,2019-SE49
49,Influenza A(H3N2),3,2019,49,2019-SE49
49,Influenza A(não subtipada),3,2019,49,2019-SE49
49,Influenza B,16,2019,49,2019-SE49
49,Metapneumovírus,13,2019,49,2019-SE49
49,Outros vírus respiratórios,3,2019,49,2019-SE49
49,Parainfluenza,31,2019,49,2019-SE49
49,Rinovírus,22,2019,49,2019-SE49
49,SARS-CoV-2,0,2019,49,2019-SE49
49,VSR,7,2019,49,2019-SE49
50,Adenovírus,10,2019,50,2019-SE50
50,Bocavírus,2,2019,50,2019-SE50
50,Influenza A(H1N1)pdm09,12,2019,50,2019-SE50
50,Influenza A(H3N2),3,2019,50,2019-SE50
50,Influenza A(não subtipada),3,2019,50,2019-SE50
50,Influenza B,15,2019,50,2019-SE50
50,Metapneumovírus,17,2019,50,2019-SE50
50,Outros vírus respiratórios,3,2019,50,2019-SE50
50,Parainfluenza,23,2019,50,2019-SE50
50,Rinovírus,13,2019,50,2019-SE50
50,SARS-CoV-2,0,2019,50,2019-SE50
50,VSR,5,2019,50,2019-SE50
51,Adenovírus,8,2019,51,2019-SE51
51,Bocavírus,0,2019,51,2019-SE51
51,Influenza A(H1N1)pdm09,13,2019,51,2019-SE51
51,Influenza A(H3N2),1,2019,51,2019-SE51
51,Influenza A(não subtipada),3,2019,51,2019-SE51
51,Influenza B,16,2019,51,2019-SE51
51,Metapneumovírus,10,2019,51,2019-SE51
51,Outros vírus respiratórios,3,2019,51,2019-SE51
51,Parainfluenza,15,2019,51,2019-SE51
51,Rinovírus,12,2019,51,2019-SE51
51,SARS-CoV-2,0,2019,51,2019-SE51
51,VSR,10,2019,51,2019-SE51
52,Adenovírus,9,2019,52,2019-SE52
52,Bocavírus,1,2019,52,2019-SE52
52,Influenza A(H1N1)pdm09,8,2019,52,2019-SE52
52,Influenza A(H3N2),2,2019,52,2019-SE52
52,Influenza A(não subtipada),1,2019,52,2019-SE52
52,Influenza B,7,2019,52,2019-SE52
52,Metapneumovírus,1,2019,52,2019-SE52
52,Outros vírus respiratórios,0,2019,52,2019-SE52
52,Parainfluenza,19,2019,52,2019-SE52
52,Rinovírus,13,2019,52,2019-SE52
52,SARS-CoV-2,0,2019,52,2019-SE52
52,VSR,5,2019,52,2019-SE52
54,Adenovírus,8,2020,1,2020-SE01
54,Bocavírus,0,2020,1,2020-SE01
54,Influenza A(H1N1)pdm09,8,2020,1,2020-SE01
54,Influenza A(H3N2),1,2020,1,2020-SE01
54,Influenza A(não subtipada),4,2020,1,2020-SE01
54,Influenza B,17,2020,1,2020-SE01
54,Metapneumovírus,13,2020,1,2020-SE01
54,Outros vírus respiratórios,7,2020,1,2020-SE01
54,Parainfluenza,14,2020,1,2020-SE01
54,Rinovírus,10,2020,1,2020-SE01
54,SARS-CoV-2,0,2020,1,2020-SE01
54,VSR,8,2020,1,2020-SE01
55,Adenovírus,5,2020,2,2020-SE02
55,Bocavírus,1,2020,2,2020-SE02
55,Influenza A(H1N1)pdm09,15,2020,2,2020-SE02
55,Influenza A(H3N2),1,2020,2,2020-SE02
55,Influenza A(não subtipada),7,2020,2,2020-SE02
55,Influenza B,30,2020,2,2020-SE02
55,Metapneumovírus,9,2020,2,2020-SE02
55,Outros vírus respiratórios,3,2020,2,2020-SE02
55,Parainfluenza,13,2020,2,2020-SE02
55,Rinovírus,10,2020,2,2020-SE02
55,SARS-CoV-2,0,2020,2,2020-SE02
55,VSR,7,2020,2,2020-SE02
56,Adenovírus,11,2020,3,2020-SE03
56,Bocavírus,1,2020,3,2020-SE03
56,Influenza A(H1N1)pdm09,13,2020,3,2020-SE03
56,Influenza A(H3N2),5,2020,3,2020-SE03
56,Influenza A(não subtipada),2,2020,3,2020-SE03
56,Influenza B,19,2020,3,2020-SE03
56,Metapneumovírus,11,2020,3,2020-SE03
56,Outros vírus respiratórios,4,2020,3,2020-SE03
56,Parainfluenza,11,2020,3,2020-SE03
56,Rinovírus,12,2020,3,2020-SE03
56,SARS-CoV-2,0,2020,3,2020-SE03
56,VSR,9,2020,3,2020-SE03
57,Adenovírus,10,2020,4,2020-SE04
57,Bocavírus,3,2020,4,2020-SE04
57,Influenza A(H1N1)pdm09,17,2020,4,2020-SE04
57,Influenza A(H3N2),0,2020,4,2020-SE04
57,Influenza A(não subtipada),4,2020,4,2020-SE04
57,Influenza B,13,2020,4,2020-SE04
57,Metapneumovírus,7,2020,4,2020-SE04
57,Outros vírus respiratórios,2,2020,4,2020-SE04
57,Parainfluenza,12,2020,4,2020-SE04
57,Rinovírus,20,2020,4,2020-SE04
57,SARS-CoV-2,0,2020,4,2020-SE04
57,VSR,7,2020,4,2020-SE04
58,Adenovírus,8,2020,5,2020-SE05
58,Bocavírus,3,2020,5,2020-SE05
58,Influenza A(H1N1)pdm09,32,2020,5,2020-SE05
58,Influenza A(H3N2),3,2020,5,2020-SE05
58,Influenza A(não subtipada),4,2020,5,2020-SE05
58,Influenza B,15,2020,5,2020-SE05
58,Metapneumovírus,6,2020,5,2020-SE05
58,Outros vírus respiratórios,6,2020,5,2020-SE05
58,Parainfluenza,8,2020,5,2020-SE05
58,Rinovírus,10,2020,5,2020-SE05
58,SARS-CoV-2,0,2020,5,2020-SE05
58,VSR,9,2020,5,2020-SE05
59,Adenovírus,7,2020,6,2020-SE06
59,Bocavírus,0,2020,6,2020-SE06
59,Influenza A(H1N1)pdm09,32,2020,6,2020-SE06
59,Influenza A(H3N2),2,2020,6,2020-SE06
59,Influenza A(não subtipada),5,2020,6,2020-SE06
59,Influenza B,22,2020,6,2020-SE06
59,Metapneumovírus,4,2020,6,2020-SE06
59,Outros vírus respiratórios,2,2020,6,2020-SE06
59,Parainfluenza,6,2020,6,2020-SE06
59,Rinovírus,11,2020,6,2020-SE06
59,SARS-CoV-2,0,2020,6,2020-SE06
59,VSR,11,2020,6,2020-SE06
60,Adenovírus,12,2020,7,2020-SE07
60,Bocavírus,1,2020,7,2020-SE07
60,Influenza A(H1N1)pdm09,27,2020,7,2020-SE07
60,Influenza A(H3N2),3,2020,7,2020-SE07
60,Influenza A(não subtipada),10,2020,7,2020-SE07
60,Influenza B,37,2020,7,2020-SE07
60,Metapneumovírus,6,2020,7,2020-SE07
60,Outros vírus respiratórios,1,2020,7,2020-SE07
60,Parainfluenza,8,2020,7,2020-SE07
60,Rinovírus,28,2020,7,2020-SE07
60,SARS-CoV-2,6,2020,7,2020-SE07
60,VSR,14,2020,7,2020-SE07
61,Adenovírus,11,2020,8,2020-SE08
61,Bocavírus,0,2020,8,2020-SE08
61,Influenza A(H1N1)pdm09,44,2020,8,2020-SE08
61,Influenza A(H3N2),2,2020,8,2020-SE08
61,Influenza A(não subtipada),25,2020,8,2020-SE08
61,Influenza B,26,2020,8,2020-SE08
61,Metapneumovírus,16,2020,8,2020-SE08
61,Outros vírus respiratórios,13,2020,8,2020-SE08
61,Parainfluenza,9,2020,8,2020-SE08
61,Rinovírus,42,2020,8,2020-SE08
61,SARS-CoV-2,30,2020,8,2020-SE08
61,VSR,27,2020,8,2020-SE08
62,Adenovírus,8,2020,9,2020-SE09
62,Bocavírus,1,2020,9,2020-SE09
62,Influenza A(H1N1)pdm09,86,2020,9,2020-SE09
62,Influenza A(H3N2),14,2020,9,2020-SE09
62,Influenza A(não subtipada),23,2020,9,2020-SE09
62,Influenza B,39,2020,9,2020-SE09
62,Metapneumovírus,16,2020,9,2020-SE09
62,Outros vírus respiratórios,12,2020,9,2020-SE09
62,Parainfluenza,6,2020,9,2020-SE09
62,Rinovírus,48,2020,9,2020-SE09
62,SARS-CoV-2,38,2020,9,2020-SE09
62,VSR,43,2020,9,2020-SE09
63,Adenovírus,8,2020,10,2020-SE10
63,Bocavírus,3,2020,10,2020-SE10
63,Influenza A(H1N1)pdm09,92,2020,10,2020-SE10
63,Influenza A(H3N2),6,2020,10,2020-SE10
63,Influenza A(não subtipada),25,2020,10,2020-SE10
63,Influenza B,48,2020,10,2020-SE10
63,Metapneumovírus,20,2020,10,2020-SE10
63,Outros vírus respiratórios,19,2020,10,2020-SE10
63,Parainfluenza,8,2020,10,2020-SE10
63,Rinovírus,51,2020,10,2020-SE10
63,SARS-CoV-2,188,2020,10,2020-SE10
63,VSR,45,2020,10,2020-SE10
64,Adenovírus,19,2020,11,2020-SE11
64,Bocavírus,1,2020,11,2020-SE11
64,Influenza A(H1N1)pdm09,127,2020,11,2020-SE11
64,Influenza A(H3N2),16,2020,11,2020-SE11
64,Influenza A(não subtipada),54,2020,11,2020-SE11
64,Influenza B,112,2020,11,2020-SE11
64,Metapneumovírus,46,2020,11,2020-SE11
64,Outros vírus respiratórios,69,2020,11,2020-SE11
64,Parainfluenza,21,2020,11,2020-SE11
64,Rinovírus,71,2020,11,2020-SE11
64,SARS-CoV-2,850,2020,11,2020-SE11
64,VSR,109,2020,11,2020-SE11
65,Adenovírus,31,2020,12,2020-SE12
65,Bocavírus,3,2020,12,2020-SE12
65,Influenza A(H1N1)pdm09,133,2020,12,2020-SE12
65,Influenza A(H3N2),11,2020,12,2020-SE12
65,Influenza A(não subtipada),111,2020,12,2020-SE12
65,Influenza B,92,2020,12,2020-SE12
65,Metapneumovírus,61,2020,12,2020-SE12
65,Outros vírus respiratórios,140,2020,12,2020-SE12
65,Parainfluenza,25,2020,12,2020-SE12
65,Rinovírus,111,2020,12,2020-SE12
65,SARS-CoV-2,2676,2020,12,2020-SE12
65,VSR,173,2020,12,2020-SE12
66,Adenovírus,30,2020,13,2020-SE13
66,Bocavírus,3,2020,13,2020-SE13
66,Influenza A(H1N1)pdm09,48,2020,13,2020-SE13
66,Influenza A(H3N2),8,2020,13,2020-SE13
66,Influenza A(não subtipada),42,2020,13,2020-SE13
66,Influenza B,30,2020,13,2020-SE13
66,Metapneumovírus,65,2020,13,2020-SE13
66,Outros vírus respiratórios,193,2020,13,2020-SE13
66,Parainfluenza,19,2020,13,2020-SE13
66,Rinovírus,60,2020,13,2020-SE13
66,SARS-CoV-2,4045,2020,13,2020-SE13
66,VSR,162,2020,13,2020-SE13
67,Adenovírus,14,2020,14,2020-SE14
67,Bocavírus,0,2020,14,2020-SE14
67,Influenza A(H1N1)pdm09,15,2020,14,2020-SE14
67,Influenza A(H3N2),1,2020,14,2020-SE14
67,Influenza A(não subtipada),19,2020,14,2020-SE14
67,Influenza B,25,2020,14,2020-SE14
67,Metapneumovírus,45,2020,14,2020-SE14
67,Outros vírus respiratórios,206,2020,14,2020-SE14
67,Parainfluenza,11,2020,14,2020-SE14
67,Rinovírus,23,2020,14,2020-SE14
67,SARS-CoV-2,5031,2020,14,2020-SE14
67,VSR,81,2020,14,2020-SE14
68,Adenovírus,14,2020,15,2020-SE15
68,Bocavírus,0,2020,15,2020-SE15
68,Influenza A(H1N1)pdm09,8,2020,15,2020-SE15
68,Influenza A(H3N2),2,2020,15,2020-SE15
68,Influenza A(não subtipada),18,2020,15,2020-SE15
68,Influenza B,14,2020,15,2020-SE15
68,Metapneumovírus,24,2020,15,2020-SE15
68,Outros vírus respiratórios,270,2020,15,2020-SE15
68,Parainfluenza,6,2020,15,2020-SE15
68,Rinovírus,20,2020,15,2020-SE15
68,SARS-CoV-2,7061,2020,15,2020-SE15
68,VSR,42,2020,15,2020-SE15
69,Adenovírus,6,2020,16,2020-SE16
69,Bocavírus,0,2020,16,2020-SE16
69,Influenza A(H1N1)pdm09,3,2020,16,2020-SE16
69,Influenza A(H3N2),0,2020,16,2020-SE16
69,Influenza A(não subtipada),11,2020,16,2020-SE16
69,Influenza B,6,2020,16,2020-SE16
69,Metapneumovírus,18,2020,16,2020-SE16
69,Outros vírus respiratórios,372,2020,16,2020-SE16
69,Parainfluenza,3,2020,16,2020-SE16
69,Rinovírus,11,2020,16,2020-SE16
69,SARS-CoV-2,9901,2020,16,2020-SE16
69,VSR,31,2020,16,2020-SE16
70,Adenovírus,5,2020,17,2020-SE17
70,Bocavírus,0,2020,17,2020-SE17
70,Influenza A(H1N1)pdm09,0,2020,17,2020-SE17
70,Influenza A(H3N2),1,2020,17,2020-SE17
70,Influenza A(não subtipada),6,2020,17,2020-SE17
70,Influenza B,4,2020,17,2020-SE17
70,Metapneumovírus,7,2020,17,2020-SE17
70,Outros vírus respiratórios,619,2020,17,2020-SE17
70,Parainfluenza,1,2020,17,2020-SE17
70,Rinovírus,9,2020,17,2020-SE17
70,SARS-CoV-2,12506,2020,17,2020-SE17
70,VSR,15,2020,17,2020-SE17
71,Adenovírus,5,2020,18,2020-SE18
71,Bocavírus,0,2020,18,2020-SE18
71,Influenza A(H1N1)pdm09,0,2020,18,2020-SE18
71,Influenza A(H3N2),0,2020,18,2020-SE18
71,Influenza A(não subtipada),4,2020,18,2020-SE18
71,Influenza B,2,2020,18,2020-SE18
71,Metapneumovírus,7,2020,18,2020-SE18
71,Outros vírus respiratórios,835,2020,18,2020-SE18
71,Parainfluenza,0,2020,18,2020-SE18
71,Rinovírus,12,2020,18,2020-SE18
71,SARS-CoV-2,14528,2020,18,2020-SE18
71,VSR,20,2020,18,2020-SE18
72,Adenovírus,6,2020,19,2020-SE19
72,Bocavírus,0,2020,19,2020-SE19
72,Influenza A(H1N1)pdm09,1,2020,19,2020-SE19
72,Influenza A(H3N2),0,2020,19,2020-SE19
72,Influenza A(não subtipada),0,2020,19,2020-SE19
72,Influenza B,1,2020,19,2020-SE19
72,Metapneumovírus,4,2020,19,2020-SE19
72,Outros vírus respiratórios,950,2020,19,2020-SE19
72,Parainfluenza,0,2020,19,2020-SE19
72,Rinovírus,4,2020,19,2020-SE19
72,SARS-CoV-2,14287,2020,19,2020-SE19
72,VSR,29,2020,19,2020-SE19
73,Adenovírus,3,2020,20,2020-SE20
73,Bocavírus,1,2020,20,2020-SE20
73,Influenza A(H1N1)pdm09,2,2020,20,2020-SE20
73,Influenza A(H3N2),0,2020,20,2020-SE20
73,Influenza A(não subtipada),1,2020,20,2020-SE20
73,Influenza B,0,2020,20,2020-SE20
73,Metapneumovírus,1,2020,20,2020-SE20
73,Outros vírus respiratórios,1146,2020,20,2020-SE20
73,Parainfluenza,0,2020,20,2020-SE20
73,Rinovírus,12,2020,20,2020-SE20
73,SARS-CoV-2,15163,2020,20,2020-SE20
73,VSR,20,2020,20,2020-SE20
74,Adenovírus,2,2020,21,2020-SE21
74,Bocavírus,0,2020,21,2020-SE21
74,Influenza A(H1N1)pdm09,1,2020,21,2020-SE21
74,Influenza A(H3N2),0,2020,21,2020-SE21
74,Influenza A(não subtipada),2,2020,21,2020-SE21
74,Influenza B,0,2020,21,2020-SE21
74,Metapneumovírus,2,2020,21,2020-SE21
74,Outros vírus respiratórios,1053,2020,21,2020-SE21
74,Parainfluenza,0,2020,21,2020-SE21
74,Rinovírus,7,2020,21,2020-SE21
74,SARS-CoV-2,13133,2020,21,2020-SE21
74,VSR,23,2020,21,2020-SE21
75,Adenovírus,2,2020,22,2020-SE22
75,Bocavírus,0,2020,22,2020-SE22
75,Influenza A(H1N1)pdm09,1,2020,22,2020-SE22
75,Influenza A(H3N2),0,2020,22,2020-SE22
75,Influenza A(não subtipada),2,2020,22,2020-SE22
75,Influenza B,3,2020,22,2020-SE22
75,Metapneumovírus,1,2020,22,2020-SE22
75,Outros vírus respiratórios,1049,2020,22,2020-SE22
75,Parainfluenza,0,2020,22,2020-SE22
75,Rinovírus,7,2020,22,2020-SE22
75,SARS-CoV-2,11912,2020,22,2020-SE22
75,VSR,20,2020,22,2020-SE22
76,Adenovírus,1,2020,23,2020-SE23
76,Bocavírus,0,2020,23,2020-SE23
76,Influenza A(H1N1)pdm09,1,2020,23,2020-SE23
76,Influenza A(H3N2),0,2020,23,2020-SE23
76,Influenza A(não subtipada),2,2020,23,2020-SE23
76,Influenza B,3,2020,23,2020-SE23
76,Metapneumovírus,0,2020,23,2020-SE23
76,Outros vírus respiratórios,1093,2020,23,2020-SE23
76,Parainfluenza,0,2020,23,2020-SE23
76,Rinovírus,11,2020,23,2020-SE23
76,SARS-CoV-2,13514,2020,23,2020-SE23
76,VSR,24,2020,23,2020-SE23
77,Adenovírus,1,2020,24,2020-SE24
77,Bocavírus,0,2020,24,2020-SE24
77,Influenza A(H1N1)pdm09,1,2020,24,2020-SE24
77,Influenza A(H3N2),0,2020,24,2020-SE24
77,Influenza A(não subtipada),1,2020,24,2020-SE24
77,Influenza B,2,2020,24,2020-SE24
77,Metapneumovírus,0,2020,24,2020-SE24
77,Outros vírus respiratórios,1087,2020,24,2020-SE24
77,Parainfluenza,0,2020,24,2020-SE24
77,Rinovírus,21,2020,24,2020-SE24
77,SARS-CoV-2,12884,2020,24,2020-SE24
77,VSR,19,2020,24,2020-SE24
78,Adenovírus,2,2020,25,2020-SE25
78,Bocavírus,0,2020,25,2020-SE25
78,Influenza A(H1N1)pdm09,0,2020,25,2020-SE25
78,Influenza A(H3N2),0,2020,25,2020-SE25
78,Influenza A(não subtipada),4,2020,25,2020-SE25
78,Influenza B,1,2020,25,2020-SE25
78,Metapneumovírus,0,2020,25,2020-SE25
78,Outros vírus respiratórios,1153,2020,25,2020-SE25
78,Parainfluenza,0,2020,25,2020-SE25
78,Rinovírus,15,2020,25,2020-SE25
78,SARS-CoV-2,13929,2020,25,2020-SE25
78,VSR,15,2020,25,2020-SE25
79,Adenovírus,0,2020,26,2020-SE26
79,Bocavírus,0,2020,26,2020-SE26
79,Influenza A(H1N1)pdm09,2,2020,26,2020-SE26
79,Influenza A(H3N2),1,2020,26,2020-SE26
79,Influenza A(não subtipada),2,2020,26,2020-SE26
79,Influenza B,3,2020,26,2020-SE26
79,Metapneumovírus,0,2020,26,2020-SE26
79,Outros vírus respiratórios,973,2020,26,2020-SE26
79,Parainfluenza,0,2020,26,2020-SE26
79,Rinovírus,19,2020,26,2020-SE26
79,SARS-CoV-2,12497,2020,26,2020-SE26
79,VSR,15,2020,26,2020-SE26
80,Adenovírus,3,2020,27,2020-SE27
80,Bocavírus,0,2020,27,2020-SE27
80,Influenza A(H1N1)pdm09,2,2020,27,2020-SE27
80,Influenza A(H3N2),0,2020,27,2020-SE27
80,Influenza A(não subtipada),6,2020,27,2020-SE27
80,Influenza B,4,2020,27,2020-SE27
80,Metapneumovírus,1,2020,27,2020-SE27
80,Outros vírus respiratórios,1103,2020,27,2020-SE27
80,Parainfluenza,2,2020,27,2020-SE27
80,Rinovírus,19,2020,27,2020-SE27
80,SARS-CoV-2,14820,2020,27,2020-SE27
80,VSR,13,2020,27,2020-SE27
81,Adenovírus,2,2020,28,2020-SE28
81,Bocavírus,0,2020,28,2020-SE28
81,Influenza A(H1N1)pdm09,0,2020,28,2020-SE28
81,Influenza A(H3N2),0,2020,28,2020-SE28
81,Influenza A(não subtipada),1,2020,28,2020-SE28
81,Influenza B,5,2020,28,2020-SE28
81,Metapneumovírus,0,2020,28,2020-SE28
81,Outros vírus respiratórios,871,2020,28,2020-SE28
81,Parainfluenza,0,2020,28,2020-SE28
81,Rinovírus,18,2020,28,2020-SE28
81,SARS-CoV-2,14641,2020,28,2020-SE28
81,VSR,12,2020,28,2020-SE28
82,Adenovírus,5,2020,29,2020-SE29
82,Bocavírus,0,2020,29,2020-SE29
82,Influenza A(H1N1)pdm09,0,2020,29,2020-SE29
82,Influenza A(H3N2),0,2020,29,2020-SE29
82,Influenza A(não subtipada),2,2020,29,2020-SE29
82,Influenza B,4,2020,29,2020-SE29
82,Metapneumovírus,0,2020,29,2020-SE29
82,Outros vírus respiratórios,512,2020,29,2020-SE29
82,Parainfluenza,1,2020,29,2020-SE29
82,Rinovírus,30,2020,29,2020-SE29
82,SARS-CoV-2,13105,2020,29,2020-SE29
82,VSR,11,2020,29,2020-SE29
83,Adenovírus,5,2020,30,2020-SE30
83,Bocavírus,1,2020,30,2020-SE30
83,Influenza A(H1N1)pdm09,0,2020,30,2020-SE30
83,Influenza A(H3N2),0,2020,30,2020-SE30
83,Influenza A(não subtipada),0,2020,30,2020-SE30
83,Influenza B,3,2020,30,2020-SE30
83,Metapneumovírus,0,2020,30,2020-SE30
83,Outros vírus respiratórios,158,2020,30,2020-SE30
83,Parainfluenza,0,2020,30,2020-SE30
83,Rinovírus,35,2020,30,2020-SE30
83,SARS-CoV-2,12518,2020,30,2020-SE30
83,VSR,6,2020,30,2020-SE30
84,Adenovírus,1,2020,31,2020-SE31
84,Bocavírus,1,2020,31,2020-SE31
84,Influenza A(H1N1)pdm09,0,2020,31,2020-SE31
84,Influenza A(H3N2),0,2020,31,2020-SE31
84,Influenza A(não subtipada),0,2020,31,2020-SE31
84,Influenza B,1,2020,31,2020-SE31
84,Metapneumovírus,0,2020,31,2020-SE31
84,Outros vírus respiratórios,83,2020,31,2020-SE31
84,Parainfluenza,0,2020,31,2020-SE31
84,Rinovírus,42,2020,31,2020-SE31
84,SARS-CoV-2,11460,2020,31,2020-SE31
84,VSR,2,2020,31,2020-SE31
85,Adenovírus,3,2020,32,2020-SE32
85,Bocavírus,1,2020,32,2020-SE32
85,Influenza A(H1N1)pdm09,0,2020,32,2020-SE32
85,Influenza A(H3N2),0,2020,32,2020-SE32
85,Influenza A(não subtipada),2,2020,32,2020-SE32
85,Influenza B,2,2020,32,2020-SE32
85,Metapneumovírus,0,2020,32,2020-SE32
85,Outros vírus respiratórios,43,2020,32,2020-SE32
85,Parainfluenza,0,2020,32,2020-SE32
85,Rinovírus,52,2020,32,2020-SE32
85,SARS-CoV-2,10600,2020,32,2020-SE32
85,VSR,8,2020,32,2020-SE32
86,Adenovírus,3,2020,33,2020-SE33
86,Bocavírus,0,2020,33,2020-SE33
86,Influenza A(H1N1)pdm09,0,2020,33,2020-SE33
86,Influenza A(H3N2),0,2020,33,2020-SE33
86,Influenza A(não subtipada),1,2020,33,2020-SE33
86,Influenza B,1,2020,33,2020-SE33
86,Metapneumovírus,1,2020,33,2020-SE33
86,Outros vírus respiratórios,47,2020,33,2020-SE33
86,Parainfluenza,0,2020,33,2020-SE33
86,Rinovírus,67,2020,33,2020-SE33
86,SARS-CoV-2,10666,2020,33,2020-SE33
86,VSR,7,2020,33,2020-SE33
87,Adenovírus,2,2020,34,2020-SE34
87,Bocavírus,1,2020,34,2020-SE34
87,Influenza A(H1N1)pdm09,1,2020,34,2020-SE34
87,Influenza A(H3N2),0,2020,34,2020-SE34
87,Influenza A(não subtipada),1,2020,34,2020-SE34
87,Influenza B,3,2020,34,2020-SE34
87,Metapneumovírus,0,2020,34,2020-SE34
87,Outros vírus respiratórios,36,2020,34,2020-SE34
87,Parainfluenza,0,2020,34,2020-SE34
87,Rinovírus,64,2020,34,2020-SE34
87,SARS-CoV-2,9606,2020,34,2020-SE34
87,VSR,8,2020,34,2020-SE34
88,Adenovírus,4,2020,35,2020-SE35
88,Bocavírus,0,2020,35,2020-SE35
88,Influenza A(H1N1)pdm09,0,2020,35,2020-SE35
88,Influenza A(H3N2),0,2020,35,2020-SE35
88,Influenza A(não subtipada),1,2020,35,2020-SE35
88,Influenza B,5,2020,35,2020-SE35
88,Metapneumovírus,0,2020,35,2020-SE35
88,Outros vírus respiratórios,28,2020,35,2020-SE35
88,Parainfluenza,0,2020,35,2020-SE35
88,Rinovírus,65,2020,35,2020-SE35
88,SARS-CoV-2,8581,2020,35,2020-SE35
88,VSR,10,2020,35,2020-SE35
89,Adenovírus,5,2020,36,2020-SE36
89,Bocavírus,0,2020,36,2020-SE36
89,Influenza A(H1N1)pdm09,0,2020,36,2020-SE36
89,Influenza A(H3N2),0,2020,36,2020-SE36
89,Influenza A(não subtipada),0,2020,36,2020-SE36
89,Influenza B,0,2020,36,2020-SE36
89,Metapneumovírus,1,2020,36,2020-SE36
89,Outros vírus respiratórios,24,2020,36,2020-SE36
89,Parainfluenza,1,2020,36,2020-SE36
89,Rinovírus,48,2020,36,2020-SE36
89,SARS-CoV-2,8847,2020,36,2020-SE36
89,VSR,4,2020,36,2020-SE36
90,Adenovírus,3,2020,37,2020-SE37
90,Bocavírus,0,2020,37,2020-SE37
90,Influenza A(H1N1)pdm09,0,2020,37,2020-SE37
90,Influenza A(H3N2),0,2020,37,2020-SE37
90,Influenza A(não subtipada),0,2020,37,2020-SE37
90,Influenza B,0,2020,37,2020-SE37
90,Metapneumovírus,0,2020,37,2020-SE37
90,Outros vírus respiratórios,24,2020,37,2020-SE37
90,Parainfluenza,1,2020,37,2020-SE37
90,Rinovírus,33,2020,37,2020-SE37
90,SARS-CoV-2,7750,2020,37,2020-SE37
90,VSR,5,2020,37,2020-SE37
91,Adenovírus,3,2020,38,2020-SE38
91,Bocavírus,1,2020,38,2020-SE38
91,Influenza A(H1N1)pdm09,0,2020,38,2020-SE38
91,Influenza A(H3N2),0,2020,38,2020-SE38
91,Influenza A(não subtipada),4,2020,38,2020-SE38
91,Influenza B,2,2020,38,2020-SE38
91,Metapneumovírus,0,2020,38,2020-SE38
91,Outros vírus respiratórios,31,2020,38,2020-SE38
91,Parainfluenza,0,2020,38,2020-SE38
91,Rinovírus,29,2020,38,2020-SE38
91,SARS-CoV-2,6886,2020,38,2020-SE38
91,VSR,5,2020,38,2020-SE38
92,Adenovírus,3,2020,39,2020-SE39
92,Bocavírus,1,2020,39,2020-SE39
92,Influenza A(H1N1)pdm09,0,2020,39,2020-SE39
92,Influenza A(H3N2),0,2020,39,2020-SE39
92,Influenza A(não subtipada),0,2020,39,2020-SE39
92,Influenza B,0,2020,39,2020-SE39
92,Metapneumovírus,1,2020,39,2020-SE39
92,Outros vírus respiratórios,24,2020,39,2020-SE39
92,Parainfluenza,0,2020,39,2020-SE39
92,Rinovírus,41,2020,39,2020-SE39
92,SARS-CoV-2,6723,2020,39,2020-SE39
92,VSR,9,2020,39,2020-SE39
93,Adenovírus,3,2020,40,2020-SE40
93,Bocavírus,0,2020,40,2020-SE40
93,Influenza A(H1N1)pdm09,1,2020,40,2020-SE40
93,Influenza A(H3N2),0,2020,40,2020-SE40
93,Influenza A(não subtipada),0,2020,40,2020-SE40
93,Influenza B,3,2020,40,2020-SE40
93,Metapneumovírus,0,2020,40,2020-SE40
93,Outros vírus respiratórios,20,2020,40,2020-SE40
93,Parainfluenza,1,2020,40,2020-SE40
93,Rinovírus,30,2020,40,2020-SE40
93,SARS-CoV-2,6425,2020,40,2020-SE40
93,VSR,13,2020,40,2020-SE40
94,Adenovírus,2,2020,41,2020-SE41
94,Bocavírus,1,2020,41,2020-SE41
94,Influenza A(H1N1)pdm09,0,2020,41,2020-SE41
94,Influenza A(H3N2),0,2020,41,2020-SE41
94,Influenza A(não subtipada),0,2020,41,2020-SE41
94,Influenza B,0,2020,41,2020-SE41
94,Metapneumovírus,0,2020,41,2020-SE41
94,Outros vírus respiratórios,20,2020,41,2020-SE41
94,Parainfluenza,0,2020,41,2020-SE41
94,Rinovírus,49,2020,41,2020-SE41
94,SARS-CoV-2,6115,2020,41,2020-SE41
94,VSR,7,2020,41,2020-SE41
95,Adenovírus,3,2020,42,2020-SE42
95,Bocavírus,1,2020,42,2020-SE42
95,Influenza A(H1N1)pdm09,0,2020,42,2020-SE42
95,Influenza A(H3N2),0,2020,42,2020-SE42
95,Influenza A(não subtipada),0,2020,42,2020-SE42
95,Influenza B,1,2020,42,2020-SE42
95,Metapneumovírus,0,2020,42,2020-SE42
95,Outros vírus respiratórios,19,2020,42,2020-SE42
95,Parainfluenza,0,2020,42,2020-SE42
95,Rinovírus,46,2020,42,2020-SE42
95,SARS-CoV-2,5533,2020,42,2020-SE42
95,VSR,19,2020,42,2020-SE42
96,Adenovírus,3,2020,43,2020-SE43
96,Bocavírus,0,2020,43,2020-SE43
96,Influenza A(H1N1)pdm09,1,2020,43,2020-SE43
96,Influenza A(H3N2),0,2020,43,2020-SE43
96,Influenza A(não subtipada),1,2020,43,2020-SE43
96,Influenza B,1,2020,43,2020-SE43
96,Metapneumovírus,0,2020,43,2020-SE43
96,Outros vírus respiratórios,16,2020,43,2020-SE43
96,Parainfluenza,0,2020,43,2020-SE43
96,Rinovírus,50,2020,43,2020-SE43
96,SARS-CoV-2,5672,2020,43,2020-SE43
96,VSR,14,2020,43,2020-SE43
97,Adenovírus,2,2020,44,2020-SE44
97,Bocavírus,0,2020,44,2020-SE44
97,Influenza A(H1N1)pdm09,0,2020,44,2020-SE44
97,Influenza A(H3N2),0,2020,44,2020-SE44
97,Influenza A(não subtipada),0,2020,44,2020-SE44
97,Influenza B,1,2020,44,2020-SE44
97,Metapneumovírus,0,2020,44,2020-SE44
97,Outros vírus respiratórios,7,2020,44,2020-SE44
97,Parainfluenza,0,2020,44,2020-SE44
97,Rinovírus,40,2020,44,2020-SE44
97,SARS-CoV-2,5785,2020,44,2020-SE44
97,VSR,14,2020,44,2020-SE44
98,Adenovírus,4,2020,45,2020-SE45
98,Bocavírus,0,2020,45,2020-SE45
98,Influenza A(H1N1)pdm09,0,2020,45,2020-SE45
98,Influenza A(H3N2),0,2020,45,2020-SE45
98,Influenza A(não subtipada),1,2020,45,2020-SE45
98,Influenza B,1,2020,45,2020-SE45
98,Metapneumovírus,0,2020,45,2020-SE45
98,Outros vírus respiratórios,18,2020,45,2020-SE45
98,Parainfluenza,1,2020,45,2020-SE45
98,Rinovírus,41,2020,45,2020-SE45
98,SARS-CoV-2,7959,2020,45,2020-SE45
98,VSR,26,2020,45,2020-SE45
99,Adenovírus,6,2020,46,2020-SE46
99,Bocavírus,1,2020,46,2020-SE46
99,Influenza A(H1N1)pdm09,0,2020,46,2020-SE46
99,Influenza A(H3N2),0,2020,46,2020-SE46
99,Influenza A(não subtipada),3,2020,46,2020-SE46
99,Influenza B,2,2020,46,2020-SE46
99,Metapneumovírus,0,2020,46,2020-SE46
99,Outros vírus respiratórios,28,2020,46,2020-SE46
99,Parainfluenza,1,2020,46,2020-SE46
99,Rinovírus,59,2020,46,2020-SE46
99,SARS-CoV-2,9440,2020,46,2020-SE46
99,VSR,37,2020,46,2020-SE46
100,Adenovírus,6,2020,47,2020-SE47
100,Bocavírus,3,2020,47,2020-SE47
100,Influenza A(H1N1)pdm09,0,2020,47,2020-SE47
100,Influenza A(H3N2),0,2020,47,2020-SE47
100,Influenza A(não subtipada),1,2020,47,2020-SE47
100,Influenza B,2,2020,47,2020-SE47
100,Metapneumovírus,0,2020,47,2020-SE47
100,Outros vírus respiratórios,29,2020,47,2020-SE47
100,Parainfluenza,0,2020,47,2020-SE47
100,Rinovírus,66,2020,47,2020-SE47
100,SARS-CoV-2,11561,2020,47,2020-SE47
100,VSR,17,2020,47,2020-SE47
101,Adenovírus,3,2020,48,2020-SE48
101,Bocavírus,0,2020,48,2020-SE48
101,Influenza A(H1N1)pdm09,1,2020,48,2020-SE48
101,Influenza A(H3N2),0,2020,48,2020-SE48
101,Influenza A(não subtipada),1,2020,48,2020-SE48
101,Influenza B,0,2020,48,2020-SE48
101,Metapneumovírus,0,2020,48,2020-SE48
101,Outros vírus respiratórios,18,2020,48,2020-SE48
101,Parainfluenza,1,2020,48,2020-SE48
101,Rinovírus,44,2020,48,2020-SE48
101,SARS-CoV-2,11725,2020,48,2020-SE48
101,VSR,26,2020,48,2020-SE48
102,Adenovírus,6,2020,49,2020-SE49
102,Bocavírus,2,2020,49,2020-SE49
102,Influenza A(H1N1)pdm09,0,2020,49,2020-SE49
102,Influenza A(H3N2),0,2020,49,2020-SE49
102,Influenza A(não subtipada),3,2020,49,2020-SE49
102,Influenza B,2,2020,49,2020-SE49
102,Metapneumovírus,0,2020,49,2020-SE49
102,Outros vírus respiratórios,35,2020,49,2020-SE49
102,Parainfluenza,0,2020,49,2020-SE49
102,Rinovírus,43,2020,49,2020-SE49
102,SARS-CoV-2,13394,2020,49,2020-SE49
102,VSR,43,2020,49,2020-SE49
103,Adenovírus,3,2020,50,2020-SE50
103,Bocavírus,0,2020,50,2020-SE50
103,Influenza A(H1N1)pdm09,0,2020,50,2020-SE50
103,Influenza A(H3N2),0,2020,50,2020-SE50
103,Influenza A(não subtipada),2,2020,50,2020-SE50
103,Influenza B,0,2020,50,2020-SE50
103,Metapneumovírus,0,2020,50,2020-SE50
103,Outros vírus respiratórios,34,2020,50,2020-SE50
103,Parainfluenza,0,2020,50,2020-SE50
103,Rinovírus,38,2020,50,2020-SE50
103,SARS-CoV-2,12298,2020,50,2020-SE50
103,VSR,26,2020,50,2020-SE50
104,Adenovírus,4,2020,51,2020-SE51
104,Bocavírus,0,2020,51,2020-SE51
104,Influenza A(H1N1)pdm09,0,2020,51,2020-SE51
104,Influenza A(H3N2),1,2020,51,2020-SE51
104,Influenza A(não subtipada),3,2020,51,2020-SE51
104,Influenza B,1,2020,51,2020-SE51
104,Metapneumovírus,1,2020,51,2020-SE51
104,Outros vírus respiratórios,15,2020,51,2020-SE51
104,Parainfluenza,1,2020,51,2020-SE51
104,Rinovírus,32,2020,51,2020-SE51
104,SARS-CoV-2,11490,2020,51,2020-SE51
104,VSR,37,2020,51,2020-SE51
105,Adenovírus,3,2020,52,2020-SE52
105,Bocavírus,1,2020,52,2020-SE52
105,Influenza A(H1N1)pdm09,0,2020,52,2020-SE52
105,Influenza A(H3N2),0,2020,52,2020-SE52
105,Influenza A(não subtipada),3,2020,52,2020-SE52
105,Influenza B,1,2020,52,2020-SE52
105,Metapneumovírus,0,2020,52,2020-SE52
105,Outros vírus respiratórios,15,2020,52,2020-SE52
105,Parainfluenza,0,2020,52,2020-SE52
105,Rinovírus,33,2020,52,2020-SE52
105,SARS-CoV-2,13042,2020,52,2020-SE52
105,VSR,38,2020,52,2020-SE52
106,Adenovírus,2,2020,53,2020-SE53
106,Bocavírus,3,2020,53,2020-SE53
106,Influenza A(H1N1)pdm09,1,2020,53,2020-SE53
106,Influenza A(H3N2),0,2020,53,2020-SE53
106,Influenza A(não subtipada),3,2020,53,2020-SE53
106,Influenza B,1,2020,53,2020-SE53
106,Metapneumovírus,0,2020,53,2020-SE53
106,Outros vírus respiratórios,13,2020,53,2020-SE53
106,Parainfluenza,1,2020,53,2020-SE53
106,Rinovírus,31,2020,53,2020-SE53
106,SARS-CoV-2,15301,2020,53,2020-SE53
106,VSR,47,2020,53,2020-SE53
107,Adenovírus,2,2021,1,2021-SE01
107,Bocavírus,2,2021,1,2021-SE01
107,Influenza A(H1N1)pdm09,2,2021,1,2021-SE01
107,Influenza A(H3N2),4,2021,1,2021-SE01
107,Influenza A(não subtipada),11,2021,1,2021-SE01
107,Influenza B,2,2021,1,2021-SE01
107,Metapneumovírus,0,2021,1,2021-SE01
107,Outros vírus respiratórios,21,2021,1,2021-SE01
107,Parainfluenza,3,2021,1,2021-SE01
107,Rinovírus,59,2021,1,2021-SE01
107,SARS-CoV-2,15903,2021,1,2021-SE01
107,VSR,73,2021,1,2021-SE01
108,Adenovírus,2,2021,2,2021-SE02
108,Bocavírus,4,2021,2,2021-SE02
108,Influenza A(H1N1)pdm09,1,2021,2,2021-SE02
108,Influenza A(H3N2),0,2021,2,2021-SE02
108,Influenza A(não subtipada),4,2021,2,2021-SE02
108,Influenza B,0,2021,2,2021-SE02
108,Metapneumovírus,0,2021,2,2021-SE02
108,Outros vírus respiratórios,18,2021,2,2021-SE02
108,Parainfluenza,4,2021,2,2021-SE02
108,Rinovírus,34,2021,2,2021-SE02
108,SARS-CoV-2,14795,2021,2,2021-SE02
108,VSR,81,2021,2,2021-SE02
109,Adenovírus,9,2021,3,2021-SE03
109,Bocavírus,0,2021,3,2021-SE03
109,Influenza A(H1N1)pdm09,0,2021,3,2021-SE03
109,Influenza A(H3N2),0,2021,3,2021-SE03
109,Influenza A(não subtipada),1,2021,3,2021-SE03
109,Influenza B,2,2021,3,2021-SE03
109,Metapneumovírus,0,2021,3,2021-SE03
109,Outros vírus respiratórios,13,2021,3,2021-SE03
109,Parainfluenza,1,2021,3,2021-SE03
109,Rinovírus,68,2021,3,2021-SE03
109,SARS-CoV-2,13498,2021,3,2021-SE03
109,VSR,98,2021,3,2021-SE03
110,Adenovírus,6,2021,4,2021-SE04
110,Bocavírus,1,2021,4,2021-SE04
110,Influenza A(H1N1)pdm09,1,2021,4,2021-SE04
110,Influenza A(H3N2),2,2021,4,2021-SE04
110,Influenza A(não subtipada),5,2021,4,2021-SE04
110,Influenza B,1,2021,4,2021-SE04
110,Metapneumovírus,0,2021,4,2021-SE04
110,Outros vírus respiratórios,23,2021,4,2021-SE04
110,Parainfluenza,5,2021,4,2021-SE04
110,Rinovírus,56,2021,4,2021-SE04
110,SARS-CoV-2,12560,2021,4,2021-SE04
110,VSR,104,2021,4,2021-SE04
111,Adenovírus,5,2021,5,2021-SE05
111,Bocavírus,0,2021,5,2021-SE05
111,Influenza A(H1N1)pdm09,1,2021,5,2021-SE05
111,Influenza A(H3N2),2,2021,5,2021-SE05
111,Influenza A(não subtipada),2,2021,5,2021-SE05
111,Influenza B,1,2021,5,2021-SE05
111,Metapneumovírus,0,2021,5,2021-SE05
111,Outros vírus respiratórios,29,2021,5,2021-SE05
111,Parainfluenza,5,2021,5,2021-SE05
111,Rinovírus,54,2021,5,2021-SE05
111,SARS-CoV-2,16076,2021,5,2021-SE05
111,VSR,143,2021,5,2021-SE05
112,Adenovírus,3,2021,6,2021-SE06
112,Bocavírus,1,2021,6,2021-SE06
112,Influenza A(H1N1)pdm09,1,2021,6,2021-SE06
112,Influenza A(H3N2),0,2021,6,2021-SE06
112,Influenza A(não subtipada),1,2021,6,2021-SE06
112,Influenza B,0,2021,6,2021-SE06
112,Metapneumovírus,0,2021,6,2021-SE06
112,Outros vírus respiratórios,25,2021,6,2021-SE06
112,Parainfluenza,7,2021,6,2021-SE06
112,Rinovírus,65,2021,6,2021-SE06
112,SARS-CoV-2,18422,2021,6,2021-SE06
112,VSR,178,2021,6,2021-SE06
113,Adenovírus,5,2021,7,2021-SE07
113,Bocavírus,1,2021,7,2021-SE07
113,Influenza A(H1N1)pdm09,1,2021,7,2021-SE07
113,Influenza A(H3N2),0,2021,7,2021-SE07
113,Influenza A(não subtipada),3,2021,7,2021-SE07
113,Influenza B,3,2021,7,2021-SE07
113,Metapneumovírus,0,2021,7,2021-SE07
113,Outros vírus respiratórios,26,2021,7,2021-SE07
113,Parainfluenza,7,2021,7,2021-SE07
113,Rinovírus,67,2021,7,2021-SE07
113,SARS-CoV-2,24899,2021,7,2021-SE07
113,VSR,209,2021,7,2021-SE07
114,Adenovírus,5,2021,8,2021-SE08
114,Bocavírus,2,2021,8,2021-SE08
114,Influenza A(H1N1)pdm09,2,2021,8,2021-SE08
114,Influenza A(H3N2),0,2021,8,2021-SE08
114,Influenza A(não subtipada),6,2021,8,2021-SE08
114,Influenza B,0,2021,8,2021-SE08
114,Metapneumovírus,0,2021,8,2021-SE08
114,Outros vírus respiratórios,29,2021,8,2021-SE08
114,Parainfluenza,5,2021,8,2021-SE08
114,Rinovírus,61,2021,8,2021-SE08
114,SARS-CoV-2,27603,2021,8,2021-SE08
114,VSR,260,2021,8,2021-SE08
115,Adenovírus,8,2021,9,2021-SE09
115,Bocavírus,0,2021,9,2021-SE09
115,Influenza A(H1N1)pdm09,0,2021,9,2021-SE09
115,Influenza A(H3N2),0,2021,9,2021-SE09
115,Influenza A(não subtipada),4,2021,9,2021-SE09
115,Influenza B,4,2021,9,2021-SE09
115,Metapneumovírus,0,2021,9,2021-SE09
115,Outros vírus respiratórios,44,2021,9,2021-SE09
115,Parainfluenza,7,2021,9,2021-SE09
115,Rinovírus,40,2021,9,2021-SE09
115,SARS-CoV-2,39642,2021,9,2021-SE09
115,VSR,349,2021,9,2021-SE09
116,Adenovírus,3,2021,10,2021-SE10
116,Bocavírus,2,2021,10,2021-SE10
116,Influenza A(H1N1)pdm09,0,2021,10,2021-SE10
116,Influenza A(H3N2),0,2021,10,2021-SE10
116,Influenza A(não subtipada),4,2021,10,2021-SE10
116,Influenza B,0,2021,10,2021-SE10
116,Metapneumovírus,0,2021,10,2021-SE10
116,Outros vírus respiratórios,37,2021,10,2021-SE10
116,Parainfluenza,5,2021,10,2021-SE10
116,Rinovírus,34,2021,10,2021-SE10
116,SARS-CoV-2,40358,2021,10,2021-SE10
116,VSR,327,2021,10,2021-SE10
117,Adenovírus,1,2021,11,2021-SE11
117,Bocavírus,2,2021,11,2021-SE11
117,Influenza A(H1N1)pdm09,3,2021,11,2021-SE11
117,Influenza A(H3N2),0,2021,11,2021-SE11
117,Influenza A(não subtipada),5,2021,11,2021-SE11
117,Influenza B,3,2021,11,2021-SE11
117,Metapneumovírus,0,2021,11,2021-SE11
117,Outros vírus respiratórios,19,2021,11,2021-SE11
117,Parainfluenza,5,2021,11,2021-SE11
117,Rinovírus,27,2021,11,2021-SE11
117,SARS-CoV-2,39580,2021,11,2021-SE11
117,VSR,383,2021,11,2021-SE11
118,Adenovírus,3,2021,12,2021-SE12
118,Bocavírus,2,2021,12,2021-SE12
118,Influenza A(H1N1)pdm09,1,2021,12,2021-SE12
118,Influenza A(H3N2),0,2021,12,2021-SE12
118,Influenza A(não subtipada),2,2021,12,2021-SE12
118,Influenza B,1,2021,12,2021-SE12
118,Metapneumovírus,0,2021,12,2021-SE12
118,Outros vírus respiratórios,18,2021,12,2021-SE12
118,Parainfluenza,3,2021,12,2021-SE12
118,Rinovírus,25,2021,12,2021-SE12
118,SARS-CoV-2,31039,2021,12,2021-SE12
118,VSR,289,2021,12,2021-SE12
119,Adenovírus,6,2021,13,2021-SE13
119,Bocavírus,1,2021,13,2021-SE13
119,Influenza A(H1N1)pdm09,0,2021,13,2021-SE13
119,Influenza A(H3N2),0,2021,13,2021-SE13
119,Influenza A(não subtipada),1,2021,13,2021-SE13
119,Influenza B,0,2021,13,2021-SE13
119,Metapneumovírus,0,2021,13,2021-SE13
119,Outros vírus respiratórios,21,2021,13,2021-SE13
119,Parainfluenza,5,2021,13,2021-SE13
119,Rinovírus,21,2021,13,2021-SE13
119,SARS-CoV-2,29410,2021,13,2021-SE13
119,VSR,311,2021,13,2021-SE13
120,Adenovírus,5,2021,14,2021-SE14
120,Bocavírus,4,2021,14,2021-SE14
120,Influenza A(H1N1)pdm09,0,2021,14,2021-SE14
120,Influenza A(H3N2),0,2021,14,2021-SE14
120,Influenza A(não subtipada),3,2021,14,2021-SE14
120,Influenza B,3,2021,14,2021-SE14
120,Metapneumovírus,1,2021,14,2021-SE14
120,Outros vírus respiratórios,21,2021,14,2021-SE14
120,Parainfluenza,5,2021,14,2021-SE14
120,Rinovírus,24,2021,14,2021-SE14
120,SARS-CoV-2,27715,2021,14,2021-SE14
120,VSR,241,2021,14,2021-SE14
121,Adenovírus,2,2021,15,2021-SE15
121,Bocavírus,1,2021,15,2021-SE15
121,Influenza A(H1N1)pdm09,1,2021,15,2021-SE15
121,Influenza A(H3N2),0,2021,15,2021-SE15
121,Influenza A(não subtipada),2,2021,15,2021-SE15
121,Influenza B,1,2021,15,2021-SE15
121,Metapneumovírus,0,2021,15,2021-SE15
121,Outros vírus respiratórios,12,2021,15,2021-SE15
121,Parainfluenza,3,2021,15,2021-SE15
121,Rinovírus,27,2021,15,2021-SE15
121,SARS-CoV-2,23662,2021,15,2021-SE15
121,VSR,212,2021,15,2021-SE15
122,Adenovírus,1,2021,16,2021-SE16
122,Bocavírus,4,2021,16,2021-SE16
122,Influenza A(H1N1)pdm09,0,2021,16,2021-SE16
122,Influenza A(H3N2),0,2021,16,2021-SE16
122,Influenza A(não subtipada),4,2021,16,2021-SE16
122,Influenza B,4,2021,16,2021-SE16
122,Metapneumovírus,1,2021,16,2021-SE16
122,Outros vírus respiratórios,8,2021,16,2021-SE16
122,Parainfluenza,3,2021,16,2021-SE16
122,Rinovírus,30,2021,16,2021-SE16
122,SARS-CoV-2,23724,2021,16,2021-SE16
122,VSR,207,2021,16,2021-SE16
123,Adenovírus,5,2021,17,2021-SE17
123,Bocavírus,0,2021,17,2021-SE17
123,Influenza A(H1N1)pdm09,1,2021,17,2021-SE17
123,Influenza A(H3N2),0,2021,17,2021-SE17
123,Influenza A(não subtipada),4,2021,17,2021-SE17
123,Influenza B,0,2021,17,2021-SE17
123,Metapneumovírus,0,2021,17,2021-SE17
123,Outros vírus respiratórios,28,2021,17,2021-SE17
123,Parainfluenza,2,2021,17,2021-SE17
123,Rinovírus,29,2021,17,2021-SE17
123,SARS-CoV-2,25208,2021,17,2021-SE17
123,VSR,212,2021,17,2021-SE17
124,Adenovírus,2,2021,18,2021-SE18
124,Bocavírus,2,2021,18,2021-SE18
124,Influenza A(H1N1)pdm09,2,2021,18,2021-SE18
124,Influenza A(H3N2),0,2021,18,2021-SE18
124,Influenza A(não subtipada),7,2021,18,2021-SE18
124,Influenza B,1,2021,18,2021-SE18
124,Metapneumovírus,0,2021,18,2021-SE18
124,Outros vírus respiratórios,21,2021,18,2021-SE18
124,Parainfluenza,7,2021,18,2021-SE18
124,Rinovírus,60,2021,18,2021-SE18
124,SARS-CoV-2,26103,2021,18,2021-SE18
124,VSR,193,2021,18,2021-SE18
125,Adenovírus,5,2021,19,2021-SE19
125,Bocavírus,3,2021,19,2021-SE19
125,Influenza A(H1N1)pdm09,0,2021,19,2021-SE19
125,Influenza A(H3N2),2,2021,19,2021-SE19
125,Influenza A(não subtipada),3,2021,19,2021-SE19
125,Influenza B,4,2021,19,2021-SE19
125,Metapneumovírus,0,2021,19,2021-SE19
125,Outros vírus respiratórios,29,2021,19,2021-SE19
125,Parainfluenza,3,2021,19,2021-SE19
125,Rinovírus,75,2021,19,2021-SE19
125,SARS-CoV-2,30308,2021,19,2021-SE19
125,VSR,203,2021,19,2021-SE19
126,Adenovírus,3,2021,20,2021-SE20
126,Bocavírus,3,2021,20,2021-SE20
126,Influenza A(H1N1)pdm09,0,2021,20,2021-SE20
126,Influenza A(H3N2),0,2021,20,2021-SE20
126,Influenza A(não subtipada),7,2021,20,2021-SE20
126,Influenza B,4,2021,20,2021-SE20
126,Metapneumovírus,0,2021,20,2021-SE20
126,Outros vírus respiratórios,23,2021,20,2021-SE20
126,Parainfluenza,4,2021,20,2021-SE20
126,Rinovírus,97,2021,20,2021-SE20
126,SARS-CoV-2,29660,2021,20,2021-SE20
126,VSR,201,2021,20,2021-SE20
127,Adenovírus,7,2021,21,2021-SE21
127,Bocavírus,6,2021,21,2021-SE21
127,Influenza A(H1N1)pdm09,2,2021,21,2021-SE21
127,Influenza A(H3N2),0,2021,21,2021-SE21
127,Influenza A(não subtipada),8,2021,21,2021-SE21
127,Influenza B,5,2021,21,2021-SE21
127,Metapneumovírus,0,2021,21,2021-SE21
127,Outros vírus respiratórios,42,2021,21,2021-SE21
127,Parainfluenza,7,2021,21,2021-SE21
127,Rinovírus,79,2021,21,2021-SE21
127,SARS-CoV-2,28630,2021,21,2021-SE21
127,VSR,179,2021,21,2021-SE21
128,Adenovírus,10,2021,22,2021-SE22
128,Bocavírus,3,2021,22,2021-SE22
128,Influenza A(H1N1)pdm09,1,2021,22,2021-SE22
128,Influenza A(H3N2),0,2021,22,2021-SE22
128,Influenza A(não subtipada),6,2021,22,2021-SE22
128,Influenza B,6,2021,22,2021-SE22
128,Metapneumovírus,0,2021,22,2021-SE22
128,Outros vírus respiratórios,40,2021,22,2021-SE22
128,Parainfluenza,2,2021,22,2021-SE22
128,Rinovírus,75,2021,22,2021-SE22
128,SARS-CoV-2,28137,2021,22,2021-SE22
128,VSR,191,2021,22,2021-SE22
129,Adenovírus,4,2021,23,2021-SE23
129,Bocavírus,10,2021,23,2021-SE23
129,Influenza A(H1N1)pdm09,0,2021,23,2021-SE23
129,Influenza A(H3N2),0,2021,23,2021-SE23
129,Influenza A(não subtipada),5,2021,23,2021-SE23
129,Influenza B,8,2021,23,2021-SE23
129,Metapneumovírus,1,2021,23,2021-SE23
129,Outros vírus respiratórios,24,2021,23,2021-SE23
129,Parainfluenza,6,2021,23,2021-SE23
129,Rinovírus,55,2021,23,2021-SE23
129,SARS-CoV-2,23746,2021,23,2021-SE23
129,VSR,216,2021,23,2021-SE23
130,Adenovírus,11,2021,24,2021-SE24
130,Bocavírus,11,2021,24,2021-SE24
130,Influenza A(H1N1)pdm09,0,2021,24,2021-SE24
130,Influenza A(H3N2),0,2021,24,2021-SE24
130,Influenza A(não subtipada),6,2021,24,2021-SE24
130,Influenza B,8,2021,24,2021-SE24
130,Metapneumovírus,1,2021,24,2021-SE24
130,Outros vírus respiratórios,27,2021,24,2021-SE24
130,Parainfluenza,5,2021,24,2021-SE24
130,Rinovírus,77,2021,24,2021-SE24
130,SARS-CoV-2,19713,2021,24,2021-SE24
130,VSR,179,2021,24,2021-SE24
131,Adenovírus,6,2021,25,2021-SE25
131,Bocavírus,11,2021,25,2021-SE25
131,Influenza A(H1N1)pdm09,0,2021,25,2021-SE25
131,Influenza A(H3N2),0,2021,25,2021-SE25
131,Influenza A(não subtipada),7,2021,25,2021-SE25
131,Influenza B,3,2021,25,2021-SE25
131,Metapneumovírus,0,2021,25,2021-SE25
131,Outros vírus respiratórios,23,2021,25,2021-SE25
131,Parainfluenza,3,2021,25,2021-SE25
131,Rinovírus,78,2021,25,2021-SE25
131,SARS-CoV-2,16511,2021,25,2021-SE25
131,VSR,182,2021,25,2021-SE25
132,Adenovírus,13,2021,26,2021-SE26
132,Bocavírus,15,2021,26,2021-SE26
132,Influenza A(H1N1)pdm09,0,2021,26,2021-SE26
132,Influenza A(H3N2),1,2021,26,2021-SE26
132,Influenza A(não subtipada),7,2021,26,2021-SE26
132,Influenza B,2,2021,26,2021-SE26
132,Metapneumovírus,1,2021,26,2021-SE26
132,Outros vírus respiratórios,33,2021,26,2021-SE26
132,Parainfluenza,8,2021,26,2021-SE26
132,Rinovírus,94,2021,26,2021-SE26
132,SARS-CoV-2,14764,2021,26,2021-SE26
132,VSR,213,2021,26,2021-SE26
133,Adenovírus,7,2021,27,2021-SE27
133,Bocavírus,18,2021,27,2021-SE27
133,Influenza A(H1N1)pdm09,1,2021,27,2021-SE27
133,Influenza A(H3N2),0,2021,27,2021-SE27
133,Influenza A(não subtipada),5,2021,27,2021-SE27
133,Influenza B,6,2021,27,2021-SE27
133,Metapneumovírus,2,2021,27,2021-SE27
133,Outros vírus respiratórios,21,2021,27,2021-SE27
133,Parainfluenza,4,2021,27,2021-SE27
133,Rinovírus,101,2021,27,2021-SE27
133,SARS-CoV-2,13098,2021,27,2021-SE27
133,VSR,219,2021,27,2021-SE27
134,Adenovírus,10,2021,28,2021-SE28
134,Bocavírus,21,2021,28,2021-SE28
134,Influenza A(H1N1)pdm09,1,2021,28,2021-SE28
134,Influenza A(H3N2),0,2021,28,2021-SE28
134,Influenza A(não subtipada),6,2021,28,2021-SE28
134,Influenza B,5,2021,28,2021-SE28
134,Metapneumovírus,3,2021,28,2021-SE28
134,Outros vírus respiratórios,29,2021,28,2021-SE28
134,Parainfluenza,4,2021,28,2021-SE28
134,Rinovírus,97,2021,28,2021-SE28
134,SARS-CoV-2,10640,2021,28,2021-SE28
134,VSR,199,2021,28,2021-SE28
135,Adenovírus,20,2021,29,2021-SE29
135,Bocavírus,23,2021,29,2021-SE29
135,Influenza A(H1N1)pdm09,0,2021,29,2021-SE29
135,Influenza A(H3N2),0,2021,29,2021-SE29
135,Influenza A(não subtipada),3,2021,29,2021-SE29
135,Influenza B,3,2021,29,2021-SE29
135,Metapneumovírus,0,2021,29,2021-SE29
135,Outros vírus respiratórios,29,2021,29,2021-SE29
135,Parainfluenza,15,2021,29,2021-SE29
135,Rinovírus,96,2021,29,2021-SE29
135,SARS-CoV-2,9736,2021,29,2021-SE29
135,VSR,190,2021,29,2021-SE29
136,Adenovírus,9,2021,30,2021-SE30
136,Bocavírus,20,2021,30,2021-SE30
136,Influenza A(H1N1)pdm09,1,2021,30,2021-SE30
136,Influenza A(H3N2),0,2021,30,2021-SE30
136,Influenza A(não subtipada),4,2021,30,2021-SE30
136,Influenza B,0,2021,30,2021-SE30
136,Metapneumovírus,0,2021,30,2021-SE30
136,Outros vírus respiratórios,24,2021,30,2021-SE30
136,Parainfluenza,7,2021,30,2021-SE30
136,Rinovírus,76,2021,30,2021-SE30
136,SARS-CoV-2,8079,2021,30,2021-SE30
136,VSR,173,2021,30,2021-SE30
137,Adenovírus,15,2021,31,2021-SE31
137,Bocavírus,29,2021,31,2021-SE31
137,Influenza A(H1N1)pdm09,0,2021,31,2021-SE31
137,Influenza A(H3N2),2,2021,31,2021-SE31
137,Influenza A(não subtipada),6,2021,31,2021-SE31
137,Influenza B,1,2021,31,2021-SE31
137,Metapneumovírus,0,2021,31,2021-SE31
137,Outros vírus respiratórios,27,2021,31,2021-SE31
137,Parainfluenza,15,2021,31,2021-SE31
137,Rinovírus,102,2021,31,2021-SE31
137,SARS-CoV-2,8508,2021,31,2021-SE31
137,VSR,177,2021,31,2021-SE31
138,Adenovírus,20,2021,32,2021-SE32
138,Bocavírus,27,2021,32,2021-SE32
138,Influenza A(H1N1)pdm09,0,2021,32,2021-SE32
138,Influenza A(H3N2),0,2021,32,2021-SE32
138,Influenza A(não subtipada),3,2021,32,2021-SE32
138,Influenza B,1,2021,32,2021-SE32
138,Metapneumovírus,0,2021,32,2021-SE32
138,Outros vírus respiratórios,44,2021,32,2021-SE32
138,Parainfluenza,24,2021,32,2021-SE32
138,Rinovírus,87,2021,32,2021-SE32
138,SARS-CoV-2,6939,2021,32,2021-SE32
138,VSR,155,2021,32,2021-SE32
139,Adenovírus,21,2021,33,2021-SE33
139,Bocavírus,26,2021,33,2021-SE33
139,Influenza A(H1N1)pdm09,1,2021,33,2021-SE33
139,Influenza A(H3N2),0,2021,33,2021-SE33
139,Influenza A(não subtipada),3,2021,33,2021-SE33
139,Influenza B,0,2021,33,2021-SE33
139,Metapneumovírus,0,2021,33,2021-SE33
139,Outros vírus respiratórios,36,2021,33,2021-SE33
139,Parainfluenza,30,2021,33,2021-SE33
139,Rinovírus,75,2021,33,2021-SE33
139,SARS-CoV-2,6283,2021,33,2021-SE33
139,VSR,139,2021,33,2021-SE33
140,Adenovírus,13,2021,34,2021-SE34
140,Bocavírus,24,2021,34,2021-SE34
140,Influenza A(H1N1)pdm09,2,2021,34,2021-SE34
140,Influenza A(H3N2),0,2021,34,2021-SE34
140,Influenza A(não subtipada),4,2021,34,2021-SE34
140,Influenza B,1,2021,34,2021-SE34
140,Metapneumovírus,2,2021,34,2021-SE34
140,Outros vírus respiratórios,25,2021,34,2021-SE34
140,Parainfluenza,26,2021,34,2021-SE34
140,Rinovírus,93,2021,34,2021-SE34
140,SARS-CoV-2,5187,2021,34,2021-SE34
140,VSR,123,2021,34,2021-SE34
141,Adenovírus,15,2021,35,2021-SE35
141,Bocavírus,26,2021,35,2021-SE35
141,Influenza A(H1N1)pdm09,0,2021,35,2021-SE35
141,Influenza A(H3N2),0,2021,35,2021-SE35
141,Influenza A(não subtipada),2,2021,35,2021-SE35
141,Influenza B,4,2021,35,2021-SE35
141,Metapneumovírus,0,2021,35,2021-SE35
141,Outros vírus respiratórios,31,2021,35,2021-SE35
141,Parainfluenza,37,2021,35,2021-SE35
141,Rinovírus,70,2021,35,2021-SE35
141,SARS-CoV-2,4894,2021,35,2021-SE35
141,VSR,146,2021,35,2021-SE35
142,Adenovírus,12,2021,36,2021-SE36
142,Bocavírus,21,2021,36,2021-SE36
142,Influenza A(H1N1)pdm09,0,2021,36,2021-SE36
142,Influenza A(H3N2),0,2021,36,2021-SE36
142,Influenza A(não subtipada),7,2021,36,2021-SE36
142,Influenza B,1,2021,36,2021-SE36
142,Metapneumovírus,0,2021,36,2021-SE36
142,Outros vírus respiratórios,18,2021,36,2021-SE36
142,Parainfluenza,35,2021,36,2021-SE36
142,Rinovírus,82,2021,36,2021-SE36
142,SARS-CoV-2,4421,2021,36,2021-SE36
142,VSR,117,2021,36,2021-SE36
143,Adenovírus,14,2021,37,2021-SE37
143,Bocavírus,25,2021,37,2021-SE37
143,Influenza A(H1N1)pdm09,0,2021,37,2021-SE37
143,Influenza A(H3N2),0,2021,37,2021-SE37
143,Influenza A(não subtipada),5,2021,37,2021-SE37
143,Influenza B,5,2021,37,2021-SE37
143,Metapneumovírus,0,2021,37,2021-SE37
143,Outros vírus respiratórios,23,2021,37,2021-SE37
143,Parainfluenza,44,2021,37,2021-SE37
143,Rinovírus,79,2021,37,2021-SE37
143,SARS-CoV-2,4046,2021,37,2021-SE37
143,VSR,117,2021,37,2021-SE37
144,Adenovírus,11,2021,38,2021-SE38
144,Bocavírus,38,2021,38,2021-SE38
144,Influenza A(H1N1)pdm09,0,2021,38,2021-SE38
144,Influenza A(H3N2),0,2021,38,2021-SE38
144,Influenza A(não subtipada),5,2021,38,2021-SE38
144,Influenza B,2,2021,38,2021-SE38
144,Metapneumovírus,0,2021,38,2021-SE38
144,Outros vírus respiratórios,18,2021,38,2021-SE38
144,Parainfluenza,55,2021,38,2021-SE38
144,Rinovírus,79,2021,38,2021-SE38
144,SARS-CoV-2,3805,2021,38,2021-SE38
144,VSR,140,2021,38,2021-SE38
145,Adenovírus,9,2021,39,2021-SE39
145,Bocavírus,31,2021,39,2021-SE39
145,Influenza A(H1N1)pdm09,1,2021,39,2021-SE39
145,Influenza A(H3N2),0,2021,39,2021-SE39
145,Influenza A(não subtipada),3,2021,39,2021-SE39
145,Influenza B,2,2021,39,2021-SE39
145,Metapneumovírus,5,2021,39,2021-SE39
145,Outros vírus respiratórios,24,2021,39,2021-SE39
145,Parainfluenza,43,2021,39,2021-SE39
145,Rinovírus,71,2021,39,2021-SE39
145,SARS-CoV-2,3408,2021,39,2021-SE39
145,VSR,161,2021,39,2021-SE39
146,Adenovírus,12,2021,40,2021-SE40
146,Bocavírus,17,2021,40,2021-SE40
146,Influenza A(H1N1)pdm09,0,2021,40,2021-SE40
146,Influenza A(H3N2),0,2021,40,2021-SE40
146,Influenza A(não subtipada),2,2021,40,2021-SE40
146,Influenza B,2,2021,40,2021-SE40
146,Metapneumovírus,1,2021,40,2021-SE40
146,Outros vírus respiratórios,16,2021,40,2021-SE40
146,Parainfluenza,50,2021,40,2021-SE40
146,Rinovírus,62,2021,40,2021-SE40
146,SARS-CoV-2,2632,2021,40,2021-SE40
146,VSR,131,2021,40,2021-SE40
147,Adenovírus,15,2021,41,2021-SE41
147,Bocavírus,16,2021,41,2021-SE41
147,Influenza A(H1N1)pdm09,4,2021,41,2021-SE41
147,Influenza A(H3N2),0,2021,41,2021-SE41
147,Influenza A(não subtipada),5,2021,41,2021-SE41
147,Influenza B,2,2021,41,2021-SE41
147,Metapneumovírus,1,2021,41,2021-SE41
147,Outros vírus respiratórios,23,2021,41,2021-SE41
147,Parainfluenza,45,2021,41,2021-SE41
147,Rinovírus,90,2021,41,2021-SE41
147,SARS-CoV-2,2489,2021,41,2021-SE41
147,VSR,172,2021,41,2021-SE41
148,Adenovírus,16,2021,42,2021-SE42
148,Bocavírus,17,2021,42,2021-SE42
148,Influenza A(H1N1)pdm09,2,2021,42,2021-SE42
148,Influenza A(H3N2),1,2021,42,2021-SE42
148,Influenza A(não subtipada),6,2021,42,2021-SE42
148,Influenza B,2,2021,42,2021-SE42
148,Metapneumovírus,3,2021,42,2021-SE42
148,Outros vírus respiratórios,26,2021,42,2021-SE42
148,Parainfluenza,45,2021,42,2021-SE42
148,Rinovírus,66,2021,42,2021-SE42
148,SARS-CoV-2,2290,2021,42,2021-SE42
148,VSR,220,2021,42,2021-SE42
149,Adenovírus,15,2021,43,2021-SE43
149,Bocavírus,17,2021,43,2021-SE43
149,Influenza A(H1N1)pdm09,1,2021,43,2021-SE43
149,Influenza A(H3N2),0,2021,43,2021-SE43
149,Influenza A(não subtipada),5,2021,43,2021-SE43
149,Influenza B,2,2021,43,2021-SE43
149,Metapneumovírus,3,2021,43,2021-SE43
149,Outros vírus respiratórios,19,2021,43,2021-SE43
149,Parainfluenza,38,2021,43,2021-SE43
149,Rinovírus,62,2021,43,2021-SE43
149,SARS-CoV-2,2055,2021,43,2021-SE43
149,VSR,211,2021,43,2021-SE43
150,Adenovírus,15,2021,44,2021-SE44
150,Bocavírus,22,2021,44,2021-SE44
150,Influenza A(H1N1)pdm09,3,2021,44,2021-SE44
150,Influenza A(H3N2),1,2021,44,2021-SE44
150,Influenza A(não subtipada),8,2021,44,2021-SE44
150,Influenza B,1,2021,44,2021-SE44
150,Metapneumovírus,4,2021,44,2021-SE44
150,Outros vírus respiratórios,26,2021,44,2021-SE44
150,Parainfluenza,50,2021,44,2021-SE44
150,Rinovírus,56,2021,44,2021-SE44
150,SARS-CoV-2,1859,2021,44,2021-SE44
150,VSR,296,2021,44,2021-SE44
151,Adenovírus,15,2021,45,2021-SE45
151,Bocavírus,15,2021,45,2021-SE45
151,Influenza A(H1N1)pdm09,2,2021,45,2021-SE45
151,Influenza A(H3N2),2,2021,45,2021-SE45
151,Influenza A(não subtipada),7,2021,45,2021-SE45
151,Influenza B,3,2021,45,2021-SE45
151,Metapneumovírus,4,2021,45,2021-SE45
151,Outros vírus respiratórios,23,2021,45,2021-SE45
151,Parainfluenza,41,2021,45,2021-SE45
151,Rinovírus,55,2021,45,2021-SE45
151,SARS-CoV-2,1690,2021,45,2021-SE45
151,VSR,256,2021,45,2021-SE45
152,Adenovírus,20,2021,46,2021-SE46
152,Bocavírus,20,2021,46,2021-SE46
152,Influenza A(H1N1)pdm09,4,2021,46,2021-SE46
152,Influenza A(H3N2),21,2021,46,2021-SE46
152,Influenza A(não subtipada),12,2021,46,2021-SE46
152,Influenza B,1,2021,46,2021-SE46
152,Metapneumovírus,5,2021,46,2021-SE46
152,Outros vírus respiratórios,12,2021,46,2021-SE46
152,Parainfluenza,32,2021,46,2021-SE46
152,Rinovírus,53,2021,46,2021-SE46
152,SARS-CoV-2,1622,2021,46,2021-SE46
152,VSR,304,2021,46,2021-SE46
153,Adenovírus,13,2021,47,2021-SE47
153,Bocavírus,15,2021,47,2021-SE47
153,Influenza A(H1N1)pdm09,3,2021,47,2021-SE47
153,Influenza A(H3N2),44,2021,47,2021-SE47
153,Influenza A(não subtipada),55,2021,47,2021-SE47
153,Influenza B,3,2021,47,2021-SE47
153,Metapneumovírus,10,2021,47,2021-SE47
153,Outros vírus respiratórios,20,2021,47,2021-SE47
153,Parainfluenza,21,2021,47,2021-SE47
153,Rinovírus,76,2021,47,2021-SE47
153,SARS-CoV-2,1295,2021,47,2021-SE47
153,VSR,278,2021,47,2021-SE47
154,Adenovírus,16,2021,48,2021-SE48
154,Bocavírus,10,2021,48,2021-SE48
154,Influenza A(H1N1)pdm09,2,2021,48,2021-SE48
154,Influenza A(H3N2),79,2021,48,2021-SE48
154,Influenza A(não subtipada),162,2021,48,2021-SE48
154,Influenza B,6,2021,48,2021-SE48
154,Metapneumovírus,11,2021,48,2021-SE48
154,Outros vírus respiratórios,17,2021,48,2021-SE48
154,Parainfluenza,29,2021,48,2021-SE48
154,Rinovírus,77,2021,48,2021-SE48
154,SARS-CoV-2,1305,2021,48,2021-SE48
154,VSR,275,2021,48,2021-SE48
155,Adenovírus,17,2021,49,2021-SE49
155,Bocavírus,7,2021,49,2021-SE49
155,Influenza A(H1N1)pdm09,10,2021,49,2021-SE49
155,Influenza A(H3N2),259,2021,49,2021-SE49
155,Influenza A(não subtipada),291,2021,49,2021-SE49
155,Influenza B,8,2021,49,2021-SE49
155,Metapneumovírus,25,2021,49,2021-SE49
155,Outros vírus respiratórios,19,2021,49,2021-SE49
155,Parainfluenza,32,2021,49,2021-SE49
155,Rinovírus,65,2021,49,2021-SE49
155,SARS-CoV-2,1304,2021,49,2021-SE49
155,VSR,294,2021,49,2021-SE49
156,Adenovírus,17,2021,50,2021-SE50
156,Bocavírus,13,2021,50,2021-SE50
156,Influenza A(H1N1)pdm09,17,2021,50,2021-SE50
156,Influenza A(H3N2),584,2021,50,2021-SE50
156,Influenza A(não subtipada),531,2021,50,2021-SE50
156,Influenza B,11,2021,50,2021-SE50
156,Metapneumovírus,9,2021,50,2021-SE50
156,Outros vírus respiratórios,23,2021,50,2021-SE50
156,Parainfluenza,19,2021,50,2021-SE50
156,Rinovírus,56,2021,50,2021-SE50
156,SARS-CoV-2,1133,2021,50,2021-SE50
156,VSR,333,2021,50,2021-SE50
157,Adenovírus,19,2021,51,2021-SE51
157,Bocavírus,8,2021,51,2021-SE51
157,Influenza A(H1N1)pdm09,40,2021,51,2021-SE51
157,Influenza A(H3N2),1078,2021,51,2021-SE51
157,Influenza A(não subtipada),886,2021,51,2021-SE51
157,Influenza B,12,2021,51,2021-SE51
157,Metapneumovírus,8,2021,51,2021-SE51
157,Outros vírus respiratórios,22,2021,51,2021-SE51
157,Parainfluenza,19,2021,51,2021-SE51
157,Rinovírus,42,2021,51,2021-SE51
157,SARS-CoV-2,1636,2021,51,2021-SE51
157,VSR,305,2021,51,2021-SE51
158,Adenovírus,17,2021,52,2021-SE52
158,Bocavírus,7,2021,52,2021-SE52
158,Influenza A(H1N1)pdm09,31,2021,52,2021-SE52
158,Influenza A(H3N2),1275,2021,52,2021-SE52
158,Influenza A(não subtipada),938,2021,52,2021-SE52
158,Influenza B,9,2021,52,2021-SE52
158,Metapneumovírus,9,2021,52,2021-SE52
158,Outros vírus respiratórios,17,2021,52,2021-SE52
158,Parainfluenza,17,2021,52,2021-SE52
158,Rinovírus,37,2021,52,2021-SE52
158,SARS-CoV-2,3149,2021,52,2021-SE52
158,VSR,331,2021,52,2021-SE52
160,Adenovírus,15,2022,1,2022-SE01
160,Bocavírus,4,2022,1,2022-SE01
160,Influenza A(H1N1)pdm09,17,2022,1,2022-SE01
160,Influenza A(H3N2),1304,2022,1,2022-SE01
160,Influenza A(não subtipada),680,2022,1,2022-SE01
160,Influenza B,11,2022,1,2022-SE01
160,Metapneumovírus,11,2022,1,2022-SE01
160,Outros vírus respiratórios,25,2022,1,2022-SE01
160,Parainfluenza,21,2022,1,2022-SE01
160,Rinovírus,37,2022,1,2022-SE01
160,SARS-CoV-2,6246,2022,1,2022-SE01
160,VSR,337,2022,1,2022-SE01
161,Adenovírus,11,2022,2,2022-SE02
161,Bocavírus,7,2022,2,2022-SE02
161,Influenza A(H1N1)pdm09,13,2022,2,2022-SE02
161,Influenza A(H3N2),669,2022,2,2022-SE02
161,Influenza A(não subtipada),287,2022,2,2022-SE02
161,Influenza B,8,2022,2,2022-SE02
161,Metapneumovírus,6,2022,2,2022-SE02
161,Outros vírus respiratórios,21,2022,2,2022-SE02
161,Parainfluenza,12,2022,2,2022-SE02
161,Rinovírus,17,2022,2,2022-SE02
161,SARS-CoV-2,10524,2022,2,2022-SE02
161,VSR,231,2022,2,2022-SE02
162,Adenovírus,10,2022,3,2022-SE03
162,Bocavírus,3,2022,3,2022-SE03
162,Influenza A(H1N1)pdm09,5,2022,3,2022-SE03
162,Influenza A(H3N2),243,2022,3,2022-SE03
162,Influenza A(não subtipada),113,2022,3,2022-SE03
162,Influenza B,7,2022,3,2022-SE03
162,Metapneumovírus,8,2022,3,2022-SE03
162,Outros vírus respiratórios,17,2022,3,2022-SE03
162,Parainfluenza,8,2022,3,2022-SE03
162,Rinovírus,14,2022,3,2022-SE03
162,SARS-CoV-2,12926,2022,3,2022-SE03
162,VSR,169,2022,3,2022-SE03
163,Adenovírus,14,2022,4,2022-SE04
163,Bocavírus,6,2022,4,2022-SE04
163,Influenza A(H1N1)pdm09,1,2022,4,2022-SE04
163,Influenza A(H3N2),87,2022,4,2022-SE04
163,Influenza A(não subtipada),49,2022,4,2022-SE04
163,Influenza B,13,2022,4,2022-SE04
163,Metapneumovírus,10,2022,4,2022-SE04
163,Outros vírus respiratórios,11,2022,4,2022-SE04
163,Parainfluenza,4,2022,4,2022-SE04
163,Rinovírus,20,2022,4,2022-SE04
163,SARS-CoV-2,10801,2022,4,2022-SE04
163,VSR,124,2022,4,2022-SE04
164,Adenovírus,10,2022,5,2022-SE05
164,Bocavírus,10,2022,5,2022-SE05
164,Influenza A(H1N1)pdm09,1,2022,5,2022-SE05
164,Influenza A(H3N2),49,2022,5,2022-SE05
164,Influenza A(não subtipada),17,2022,5,2022-SE05
164,Influenza B,3,2022,5,2022-SE05
164,Metapneumovírus,9,2022,5,2022-SE05
164,Outros vírus respiratórios,11,2022,5,2022-SE05
164,Parainfluenza,3,2022,5,2022-SE05
164,Rinovírus,19,2022,5,2022-SE05
164,SARS-CoV-2,8580,2022,5,2022-SE05
164,VSR,168,2022,5,2022-SE05
165,Adenovírus,4,2022,6,2022-SE06
165,Bocavírus,4,2022,6,2022-SE06
165,Influenza A(H1N1)pdm09,0,2022,6,2022-SE06
165,Influenza A(H3N2),26,2022,6,2022-SE06
165,Influenza A(não subtipada),11,2022,6,2022-SE06
165,Influenza B,8,2022,6,2022-SE06
165,Metapneumovírus,17,2022,6,2022-SE06
165,Outros vírus respiratórios,15,2022,6,2022-SE06
165,Parainfluenza,3,2022,6,2022-SE06
165,Rinovírus,30,2022,6,2022-SE06
165,SARS-CoV-2,5152,2022,6,2022-SE06
165,VSR,193,2022,6,2022-SE06
166,Adenovírus,17,2022,7,2022-SE07
166,Bocavírus,6,2022,7,2022-SE07
166,Influenza A(H1N1)pdm09,1,2022,7,2022-SE07
166,Influenza A(H3N2),15,2022,7,2022-SE07
166,Influenza A(não subtipada),13,2022,7,2022-SE07
166,Influenza B,2,2022,7,2022-SE07
166,Metapneumovírus,9,2022,7,2022-SE07
166,Outros vírus respiratórios,19,2022,7,2022-SE07
166,Parainfluenza,3,2022,7,2022-SE07
166,Rinovírus,54,2022,7,2022-SE07
166,SARS-CoV-2,3108,2022,7,2022-SE07
166,VSR,214,2022,7,2022-SE07
167,Adenovírus,12,2022,8,2022-SE08
167,Bocavírus,12,2022,8,2022-SE08
167,Influenza A(H1N1)pdm09,0,2022,8,2022-SE08
167,Influenza A(H3N2),5,2022,8,2022-SE08
167,Influenza A(não subtipada),10,2022,8,2022-SE08
167,Influenza B,5,2022,8,2022-SE08
167,Metapneumovírus,15,2022,8,2022-SE08
167,Outros vírus respiratórios,11,2022,8,2022-SE08
167,Parainfluenza,3,2022,8,2022-SE08
167,Rinovírus,80,2022,8,2022-SE08
167,SARS-CoV-2,1850,2022,8,2022-SE08
167,VSR,277,2022,8,2022-SE08
168,Adenovírus,13,2022,9,2022-SE09
168,Bocavírus,17,2022,9,2022-SE09
168,Influenza A(H1N1)pdm09,0,2022,9,2022-SE09
168,Influenza A(H3N2),14,2022,9,2022-SE09
168,Influenza A(não subtipada),14,2022,9,2022-SE09
168,Influenza B,4,2022,9,2022-SE09
168,Metapneumovírus,23,2022,9,2022-SE09
168,Outros vírus respiratórios,14,2022,9,2022-SE09
168,Parainfluenza,5,2022,9,2022-SE09
168,Rinovírus,131,2022,9,2022-SE09
168,SARS-CoV-2,1300,2022,9,2022-SE09
168,VSR,328,2022,9,2022-SE09
169,Adenovírus,25,2022,10,2022-SE10
169,Bocavírus,12,2022,10,2022-SE10
169,Influenza A(H1N1)pdm09,1,2022,10,2022-SE10
169,Influenza A(H3N2),5,2022,10,2022-SE10
169,Influenza A(não subtipada),6,2022,10,2022-SE10
169,Influenza B,2,2022,10,2022-SE10
169,Metapneumovírus,27,2022,10,2022-SE10
169,Outros vírus respiratórios,19,2022,10,2022-SE10
169,Parainfluenza,5,2022,10,2022-SE10
169,Rinovírus,168,2022,10,2022-SE10
169,SARS-CoV-2,818,2022,10,2022-SE10
169,VSR,360,2022,10,2022-SE10
170,Adenovírus,14,2022,11,2022-SE11
170,Bocavírus,17,2022,11,2022-SE11
170,Influenza A(H1N1)pdm09,0,2022,11,2022-SE11
170,Influenza A(H3N2),7,2022,11,2022-SE11
170,Influenza A(não subtipada),14,2022,11,2022-SE11
170,Influenza B,3,2022,11,2022-SE11
170,Metapneumovírus,36,2022,11,2022-SE11
170,Outros vírus respiratórios,19,2022,11,2022-SE11
170,Parainfluenza,7,2022,11,2022-SE11
170,Rinovírus,180,2022,11,2022-SE11
170,SARS-CoV-2,561,2022,11,2022-SE11
170,VSR,425,2022,11,2022-SE11
171,Adenovírus,25,2022,12,2022-SE12
171,Bocavírus,16,2022,12,2022-SE12
171,Influenza A(H1N1)pdm09,1,2022,12,2022-SE12
171,Influenza A(H3N2),8,2022,12,2022-SE12
171,Influenza A(não subtipada),9,2022,12,2022-SE12
171,Influenza B,2,2022,12,2022-SE12
171,Metapneumovírus,52,2022,12,2022-SE12
171,Outros vírus respiratórios,35,2022,12,2022-SE12
171,Parainfluenza,6,2022,12,2022-SE12
171,Rinovírus,171,2022,12,2022-SE12
171,SARS-CoV-2,513,2022,12,2022-SE12
171,VSR,496,2022,12,2022-SE12
172,Adenovírus,34,2022,13,2022-SE13
172,Bocavírus,12,2022,13,2022-SE13
172,Influenza A(H1N1)pdm09,0,2022,13,2022-SE13
172,Influenza A(H3N2),5,2022,13,2022-SE13
172,Influenza A(não subtipada),9,2022,13,2022-SE13
172,Influenza B,2,2022,13,2022-SE13
172,Metapneumovírus,67,2022,13,2022-SE13
172,Outros vírus respiratórios,21,2022,13,2022-SE13
172,Parainfluenza,8,2022,13,2022-SE13
172,Rinovírus,146,2022,13,2022-SE13
172,SARS-CoV-2,433,2022,13,2022-SE13
172,VSR,580,2022,13,2022-SE13
173,Adenovírus,28,2022,14,2022-SE14
173,Bocavírus,17,2022,14,2022-SE14
173,Influenza A(H1N1)pdm09,0,2022,14,2022-SE14
173,Influenza A(H3N2),14,2022,14,2022-SE14
173,Influenza A(não subtipada),14,2022,14,2022-SE14
173,Influenza B,2,2022,14,2022-SE14
173,Metapneumovírus,89,2022,14,2022-SE14
173,Outros vírus respiratórios,25,2022,14,2022-SE14
173,Parainfluenza,11,2022,14,2022-SE14
173,Rinovírus,156,2022,14,2022-SE14
173,SARS-CoV-2,452,2022,14,2022-SE14
173,VSR,623,2022,14,2022-SE14
174,Adenovírus,38,2022,15,2022-SE15
174,Bocavírus,19,2022,15,2022-SE15
174,Influenza A(H1N1)pdm09,1,2022,15,2022-SE15
174,Influenza A(H3N2),13,2022,15,2022-SE15
174,Influenza A(não subtipada),16,2022,15,2022-SE15
174,Influenza B,3,2022,15,2022-SE15
174,Metapneumovírus,87,2022,15,2022-SE15
174,Outros vírus respiratórios,35,2022,15,2022-SE15
174,Parainfluenza,19,2022,15,2022-SE15
174,Rinovírus,129,2022,15,2022-SE15
174,SARS-CoV-2,413,2022,15,2022-SE15
174,VSR,659,2022,15,2022-SE15
175,Adenovírus,37,2022,16,2022-SE16
175,Bocavírus,20,2022,16,2022-SE16
175,Influenza A(H1N1)pdm09,1,2022,16,2022-SE16
175,Influenza A(H3N2),25,2022,16,2022-SE16
175,Influenza A(não subtipada),23,2022,16,2022-SE16
175,Influenza B,8,2022,16,2022-SE16
175,Metapneumovírus,112,2022,16,2022-SE16
175,Outros vírus respiratórios,33,2022,16,2022-SE16
175,Parainfluenza,22,2022,16,2022-SE16
175,Rinovírus,152,2022,16,2022-SE16
175,SARS-CoV-2,547,2022,16,2022-SE16
175,VSR,676,2022,16,2022-SE16
176,Adenovírus,26,2022,17,2022-SE17
176,Bocavírus,25,2022,17,2022-SE17
176,Influenza A(H1N1)pdm09,1,2022,17,2022-SE17
176,Influenza A(H3N2),28,2022,17,2022-SE17
176,Influenza A(não subtipada),14,2022,17,2022-SE17
176,Influenza B,7,2022,17,2022-SE17
176,Metapneumovírus,133,2022,17,2022-SE17
176,Outros vírus respiratórios,18,2022,17,2022-SE17
176,Parainfluenza,22,2022,17,2022-SE17
176,Rinovírus,139,2022,17,2022-SE17
176,SARS-CoV-2,567,2022,17,2022-SE17
176,VSR,568,2022,17,2022-SE17
177,Adenovírus,39,2022,18,2022-SE18
177,Bocavírus,29,2022,18,2022-SE18
177,Influenza A(H1N1)pdm09,1,2022,18,2022-SE18
177,Influenza A(H3N2),35,2022,18,2022-SE18
177,Influenza A(não subtipada),23,2022,18,2022-SE18
177,Influenza B,1,2022,18,2022-SE18
177,Metapneumovírus,133,2022,18,2022-SE18
177,Outros vírus respiratórios,22,2022,18,2022-SE18
177,Parainfluenza,31,2022,18,2022-SE18
177,Rinovírus,145,2022,18,2022-SE18
177,SARS-CoV-2,787,2022,18,2022-SE18
177,VSR,594,2022,18,2022-SE18
178,Adenovírus,38,2022,19,2022-SE19
178,Bocavírus,30,2022,19,2022-SE19
178,Influenza A(H1N1)pdm09,0,2022,19,2022-SE19
178,Influenza A(H3N2),47,2022,19,2022-SE19
178,Influenza A(não subtipada),45,2022,19,2022-SE19
178,Influenza B,3,2022,19,2022-SE19
178,Metapneumovírus,109,2022,19,2022-SE19
178,Outros vírus respiratórios,21,2022,19,2022-SE19
178,Parainfluenza,37,2022,19,2022-SE19
178,Rinovírus,164,2022,19,2022-SE19
178,SARS-CoV-2,1166,2022,19,2022-SE19
178,VSR,568,2022,19,2022-SE19
179,Adenovírus,54,2022,20,2022-SE20
179,Bocavírus,30,2022,20,2022-SE20
179,Influenza A(H1N1)pdm09,1,2022,20,2022-SE20
179,Influenza A(H3N2),64,2022,20,2022-SE20
179,Influenza A(não subtipada),39,2022,20,2022-SE20
179,Influenza B,10,2022,20,2022-SE20
179,Metapneumovírus,101,2022,20,2022-SE20
179,Outros vírus respiratórios,32,2022,20,2022-SE20
179,Parainfluenza,35,2022,20,2022-SE20
179,Rinovírus,150,2022,20,2022-SE20
179,SARS-CoV-2,1648,2022,20,2022-SE20
179,VSR,577,2022,20,2022-SE20
180,Adenovírus,62,2022,21,2022-SE21
180,Bocavírus,53,2022,21,2022-SE21
180,Influenza A(H1N1)pdm09,1,2022,21,2022-SE21
180,Influenza A(H3N2),83,2022,21,2022-SE21
180,Influenza A(não subtipada),42,2022,21,2022-SE21
180,Influenza B,6,2022,21,2022-SE21
180,Metapneumovírus,103,2022,21,2022-SE21
180,Outros vírus respiratórios,26,2022,21,2022-SE21
180,Parainfluenza,48,2022,21,2022-SE21
180,Rinovírus,163,2022,21,2022-SE21
180,SARS-CoV-2,2129,2022,21,2022-SE21
180,VSR,415,2022,21,2022-SE21
181,Adenovírus,66,2022,22,2022-SE22
181,Bocavírus,66,2022,22,2022-SE22
181,Influenza A(H1N1)pdm09,0,2022,22,2022-SE22
181,Influenza A(H3N2),59,2022,22,2022-SE22
181,Influenza A(não subtipada),37,2022,22,2022-SE22
181,Influenza B,2,2022,22,2022-SE22
181,Metapneumovírus,109,2022,22,2022-SE22
181,Outros vírus respiratórios,24,2022,22,2022-SE22
181,Parainfluenza,50,2022,22,2022-SE22
181,Rinovírus,161,2022,22,2022-SE22
181,SARS-CoV-2,2708,2022,22,2022-SE22
181,VSR,379,2022,22,2022-SE22
182,Adenovírus,81,2022,23,2022-SE23
182,Bocavírus,55,2022,23,2022-SE23
182,Influenza A(H1N1)pdm09,0,2022,23,2022-SE23
182,Influenza A(H3N2),75,2022,23,2022-SE23
182,Influenza A(não subtipada),34,2022,23,2022-SE23
182,Influenza B,2,2022,23,2022-SE23
182,Metapneumovírus,80,2022,23,2022-SE23
182,Outros vírus respiratórios,26,2022,23,2022-SE23
182,Parainfluenza,39,2022,23,2022-SE23
182,Rinovírus,177,2022,23,2022-SE23
182,SARS-CoV-2,2965,2022,23,2022-SE23
182,VSR,346,2022,23,2022-SE23
183,Adenovírus,59,2022,24,2022-SE24
183,Bocavírus,30,2022,24,2022-SE24
183,Influenza A(H1N1)pdm09,0,2022,24,2022-SE24
183,Influenza A(H3N2),91,2022,24,2022-SE24
183,Influenza A(não subtipada),29,2022,24,2022-SE24
183,Influenza B,4,2022,24,2022-SE24
183,Metapneumovírus,76,2022,24,2022-SE24
183,Outros vírus respiratórios,22,2022,24,2022-SE24
183,Parainfluenza,36,2022,24,2022-SE24
183,Rinovírus,155,2022,24,2022-SE24
183,SARS-CoV-2,3286,2022,24,2022-SE24
183,VSR,295,2022,24,2022-SE24
184,Adenovírus,85,2022,25,2022-SE25
184,Bocavírus,44,2022,25,2022-SE25
184,Influenza A(H1N1)pdm09,0,2022,25,2022-SE25
184,Influenza A(H3N2),64,2022,25,2022-SE25
184,Influenza A(não subtipada),37,2022,25,2022-SE25
184,Influenza B,6,2022,25,2022-SE25
184,Metapneumovírus,67,2022,25,2022-SE25
184,Outros vírus respiratórios,32,2022,25,2022-SE25
184,Parainfluenza,37,2022,25,2022-SE25
184,Rinovírus,162,2022,25,2022-SE25
184,SARS-CoV-2,3706,2022,25,2022-SE25
184,VSR,306,2022,25,2022-SE25
185,Adenovírus,76,2022,26,2022-SE26
185,Bocavírus,30,2022,26,2022-SE26
185,Influenza A(H1N1)pdm09,2,2022,26,2022-SE26
185,Influenza A(H3N2),59,2022,26,2022-SE26
185,Influenza A(não subtipada),34,2022,26,2022-SE26
185,Influenza B,4,2022,26,2022-SE26
185,Metapneumovírus,44,2022,26,2022-SE26
185,Outros vírus respiratórios,33,2022,26,2022-SE26
185,Parainfluenza,24,2022,26,2022-SE26
185,Rinovírus,183,2022,26,2022-SE26
185,SARS-CoV-2,3756,2022,26,2022-SE26
185,VSR,252,2022,26,2022-SE26
186,Adenovírus,72,2022,27,2022-SE27
186,Bocavírus,31,2022,27,2022-SE27
186,Influenza A(H1N1)pdm09,0,2022,27,2022-SE27
186,Influenza A(H3N2),58,2022,27,2022-SE27
186,Influenza A(não subtipada),21,2022,27,2022-SE27
186,Influenza B,4,2022,27,2022-SE27
186,Metapneumovírus,37,2022,27,2022-SE27
186,Outros vírus respiratórios,25,2022,27,2022-SE27
186,Parainfluenza,31,2022,27,2022-SE27
186,Rinovírus,158,2022,27,2022-SE27
186,SARS-CoV-2,3170,2022,27,2022-SE27
186,VSR,202,2022,27,2022-SE27
187,Adenovírus,47,2022,28,2022-SE28
187,Bocavírus,13,2022,28,2022-SE28
187,Influenza A(H1N1)pdm09,1,2022,28,2022-SE28
187,Influenza A(H3N2),41,2022,28,2022-SE28
187,Influenza A(não subtipada),28,2022,28,2022-SE28
187,Influenza B,4,2022,28,2022-SE28
187,Metapneumovírus,19,2022,28,2022-SE28
187,Outros vírus respiratórios,23,2022,28,2022-SE28
187,Parainfluenza,17,2022,28,2022-SE28
187,Rinovírus,118,2022,28,2022-SE28
187,SARS-CoV-2,2648,2022,28,2022-SE28
187,VSR,167,2022,28,2022-SE28
188,Adenovírus,45,2022,29,2022-SE29
188,Bocavírus,19,2022,29,2022-SE29
188,Influenza A(H1N1)pdm09,1,2022,29,2022-SE29
188,Influenza A(H3N2),32,2022,29,2022-SE29
188,Influenza A(não subtipada),12,2022,29,2022-SE29
188,Influenza B,3,2022,29,2022-SE29
188,Metapneumovírus,23,2022,29,2022-SE29
188,Outros vírus respiratórios,18,2022,29,2022-SE29
188,Parainfluenza,21,2022,29,2022-SE29
188,Rinovírus,100,2022,29,2022-SE29
188,SARS-CoV-2,1931,2022,29,2022-SE29
188,VSR,129,2022,29,2022-SE29
189,Adenovírus,49,2022,30,2022-SE30
189,Bocavírus,15,2022,30,2022-SE30
189,Influenza A(H1N1)pdm09,0,2022,30,2022-SE30
189,Influenza A(H3N2),17,2022,30,2022-SE30
189,Influenza A(não subtipada),9,2022,30,2022-SE30
189,Influenza B,2,2022,30,2022-SE30
189,Metapneumovírus,12,2022,30,2022-SE30
189,Outros vírus respiratórios,17,2022,30,2022-SE30
189,Parainfluenza,20,2022,30,2022-SE30
189,Rinovírus,94,2022,30,2022-SE30
189,SARS-CoV-2,1282,2022,30,2022-SE30
189,VSR,112,2022,30,2022-SE30
190,Adenovírus,55,2022,31,2022-SE31
190,Bocavírus,11,2022,31,2022-SE31
190,Influenza A(H1N1)pdm09,1,2022,31,2022-SE31
190,Influenza A(H3N2),19,2022,31,2022-SE31
190,Influenza A(não subtipada),13,2022,31,2022-SE31
190,Influenza B,3,2022,31,2022-SE31
190,Metapneumovírus,12,2022,31,2022-SE31
190,Outros vírus respiratórios,18,2022,31,2022-SE31
190,Parainfluenza,24,2022,31,2022-SE31
190,Rinovírus,155,2022,31,2022-SE31
190,SARS-CoV-2,1030,2022,31,2022-SE31
190,VSR,65,2022,31,2022-SE31
191,Adenovírus,53,2022,32,2022-SE32
191,Bocavírus,11,2022,32,2022-SE32
191,Influenza A(H1N1)pdm09,0,2022,32,2022-SE32
191,Influenza A(H3N2),15,2022,32,2022-SE32
191,Influenza A(não subtipada),11,2022,32,2022-SE32
191,Influenza B,1,2022,32,2022-SE32
191,Metapneumovírus,15,2022,32,2022-SE32
191,Outros vírus respiratórios,24,2022,32,2022-SE32
191,Parainfluenza,18,2022,32,2022-SE32
191,Rinovírus,171,2022,32,2022-SE32
191,SARS-CoV-2,794,2022,32,2022-SE32
191,VSR,70,2022,32,2022-SE32
192,Adenovírus,56,2022,33,2022-SE33
192,Bocavírus,19,2022,33,2022-SE33
192,Influenza A(H1N1)pdm09,0,2022,33,2022-SE33
192,Influenza A(H3N2),28,2022,33,2022-SE33
192,Influenza A(não subtipada),15,2022,33,2022-SE33
192,Influenza B,2,2022,33,2022-SE33
192,Metapneumovírus,10,2022,33,2022-SE33
192,Outros vírus respiratórios,33,2022,33,2022-SE33
192,Parainfluenza,17,2022,33,2022-SE33
192,Rinovírus,193,2022,33,2022-SE33
192,SARS-CoV-2,704,2022,33,2022-SE33
192,VSR,69,2022,33,2022-SE33
193,Adenovírus,57,2022,34,2022-SE34
193,Bocavírus,7,2022,34,2022-SE34
193,Influenza A(H1N1)pdm09,1,2022,34,2022-SE34
193,Influenza A(H3N2),22,2022,34,2022-SE34
193,Influenza A(não subtipada),25,2022,34,2022-SE34
193,Influenza B,3,2022,34,2022-SE34
193,Metapneumovírus,9,2022,34,2022-SE34
193,Outros vírus respiratórios,21,2022,34,2022-SE34
193,Parainfluenza,21,2022,34,2022-SE34
193,Rinovírus,159,2022,34,2022-SE34
193,SARS-CoV-2,514,2022,34,2022-SE34
193,VSR,57,2022,34,2022-SE34
194,Adenovírus,48,2022,35,2022-SE35
194,Bocavírus,8,2022,35,2022-SE35
194,Influenza A(H1N1)pdm09,3,2022,35,2022-SE35
194,Influenza A(H3N2),26,2022,35,2022-SE35
194,Influenza A(não subtipada),34,2022,35,2022-SE35
194,Influenza B,6,2022,35,2022-SE35
194,Metapneumovírus,6,2022,35,2022-SE35
194,Outros vírus respiratórios,20,2022,35,2022-SE35
194,Parainfluenza,13,2022,35,2022-SE35
194,Rinovírus,135,2022,35,2022-SE35
194,SARS-CoV-2,393,2022,35,2022-SE35
194,VSR,51,2022,35,2022-SE35
195,Adenovírus,53,2022,36,2022-SE36
195,Bocavírus,8,2022,36,2022-SE36
195,Influenza A(H1N1)pdm09,3,2022,36,2022-SE36
195,Influenza A(H3N2),41,2022,36,2022-SE36
195,Influenza A(não subtipada),56,2022,36,2022-SE36
195,Influenza B,10,2022,36,2022-SE36
195,Metapneumovírus,9,2022,36,2022-SE36
195,Outros vírus respiratórios,20,2022,36,2022-SE36
195,Parainfluenza,16,2022,36,2022-SE36
195,Rinovírus,106,2022,36,2022-SE36
195,SARS-CoV-2,353,2022,36,2022-SE36
195,VSR,64,2022,36,2022-SE36
196,Adenovírus,56,2022,37,2022-SE37
196,Bocavírus,8,2022,37,2022-SE37
196,Influenza A(H1N1)pdm09,2,2022,37,2022-SE37
196,Influenza A(H3N2),38,2022,37,2022-SE37
196,Influenza A(não subtipada),76,2022,37,2022-SE37
196,Influenza B,5,2022,37,2022-SE37
196,Metapneumovírus,8,2022,37,2022-SE37
196,Outros vírus respiratórios,21,2022,37,2022-SE37
196,Parainfluenza,10,2022,37,2022-SE37
196,Rinovírus,100,2022,37,2022-SE37
196,SARS-CoV-2,238,2022,37,2022-SE37
196,VSR,74,2022,37,2022-SE37
197,Adenovírus,68,2022,38,2022-SE38
197,Bocavírus,9,2022,38,2022-SE38
197,Influenza A(H1N1)pdm09,4,2022,38,2022-SE38
197,Influenza A(H3N2),61,2022,38,2022-SE38
197,Influenza A(não subtipada),91,2022,38,2022-SE38
197,Influenza B,6,2022,38,2022-SE38
197,Metapneumovírus,6,2022,38,2022-SE38
197,Outros vírus respiratórios,25,2022,38,2022-SE38
197,Parainfluenza,14,2022,38,2022-SE38
197,Rinovírus,123,2022,38,2022-SE38
197,SARS-CoV-2,220,2022,38,2022-SE38
197,VSR,88,2022,38,2022-SE38
198,Adenovírus,78,2022,39,2022-SE39
198,Bocavírus,9,2022,39,2022-SE39
198,Influenza A(H1N1)pdm09,6,2022,39,2022-SE39
198,Influenza A(H3N2),60,2022,39,2022-SE39
198,Influenza A(não subtipada),103,2022,39,2022-SE39
198,Influenza B,6,2022,39,2022-SE39
198,Metapneumovírus,6,2022,39,2022-SE39
198,Outros vírus respiratórios,26,2022,39,2022-SE39
198,Parainfluenza,23,2022,39,2022-SE39
198,Rinovírus,123,2022,39,2022-SE39
198,SARS-CoV-2,219,2022,39,2022-SE39
198,VSR,106,2022,39,2022-SE39
199,Adenovírus,86,2022,40,2022-SE40
199,Bocavírus,11,2022,40,2022-SE40
199,Influenza A(H1N1)pdm09,9,2022,40,2022-SE40
199,Influenza A(H3N2),47,2022,40,2022-SE40
199,Influenza A(não subtipada),88,2022,40,2022-SE40
199,Influenza B,6,2022,40,2022-SE40
199,Metapneumovírus,16,2022,40,2022-SE40
199,Outros vírus respiratórios,29,2022,40,2022-SE40
199,Parainfluenza,20,2022,40,2022-SE40
199,Rinovírus,132,2022,40,2022-SE40
199,SARS-CoV-2,180,2022,40,2022-SE40
199,VSR,160,2022,40,2022-SE40
200,Adenovírus,85,2022,41,2022-SE41
200,Bocavírus,16,2022,41,2022-SE41
200,Influenza A(H1N1)pdm09,11,2022,41,2022-SE41
200,Influenza A(H3N2),56,2022,41,2022-SE41
200,Influenza A(não subtipada),66,2022,41,2022-SE41
200,Influenza B,7,2022,41,2022-SE41
200,Metapneumovírus,12,2022,41,2022-SE41
200,Outros vírus respiratórios,17,2022,41,2022-SE41
200,Parainfluenza,17,2022,41,2022-SE41
200,Rinovírus,109,2022,41,2022-SE41
200,SARS-CoV-2,207,2022,41,2022-SE41
200,VSR,196,2022,41,2022-SE41
201,Adenovírus,75,2022,42,2022-SE42
201,Bocavírus,10,2022,42,2022-SE42
201,Influenza A(H1N1)pdm09,8,2022,42,2022-SE42
201,Influenza A(H3N2),41,2022,42,2022-SE42
201,Influenza A(não subtipada),64,2022,42,2022-SE42
201,Influenza B,3,2022,42,2022-SE42
201,Metapneumovírus,11,2022,42,2022-SE42
201,Outros vírus respiratórios,16,2022,42,2022-SE42
201,Parainfluenza,26,2022,42,2022-SE42
201,Rinovírus,118,2022,42,2022-SE42
201,SARS-CoV-2,249,2022,42,2022-SE42
201,VSR,230,2022,42,2022-SE42
202,Adenovírus,74,2022,43,2022-SE43
202,Bocavírus,3,2022,43,2022-SE43
202,Influenza A(H1N1)pdm09,6,2022,43,2022-SE43
202,Influenza A(H3N2),36,2022,43,2022-SE43
202,Influenza A(não subtipada),61,2022,43,2022-SE43
202,Influenza B,2,2022,43,2022-SE43
202,Metapneumovírus,10,2022,43,2022-SE43
202,Outros vírus respiratórios,10,2022,43,2022-SE43
202,Parainfluenza,20,2022,43,2022-SE43
202,Rinovírus,103,2022,43,2022-SE43
202,SARS-CoV-2,369,2022,43,2022-SE43
202,VSR,203,2022,43,2022-SE43
203,Adenovírus,87,2022,44,2022-SE44
203,Bocavírus,8,2022,44,2022-SE44
203,Influenza A(H1N1)pdm09,22,2022,44,2022-SE44
203,Influenza A(H3N2),17,2022,44,2022-SE44
203,Influenza A(não subtipada),35,2022,44,2022-SE44
203,Influenza B,3,2022,44,2022-SE44
203,Metapneumovírus,18,2022,44,2022-SE44
203,Outros vírus respiratórios,16,2022,44,2022-SE44
203,Parainfluenza,20,2022,44,2022-SE44
203,Rinovírus,107,2022,44,2022-SE44
203,SARS-CoV-2,724,2022,44,2022-SE44
203,VSR,243,2022,44,2022-SE44
204,Adenovírus,72,2022,45,2022-SE45
204,Bocavírus,2,2022,45,2022-SE45
204,Influenza A(H1N1)pdm09,15,2022,45,2022-SE45
204,Influenza A(H3N2),29,2022,45,2022-SE45
204,Influenza A(não subtipada),33,2022,45,2022-SE45
204,Influenza B,2,2022,45,2022-SE45
204,Metapneumovírus,19,2022,45,2022-SE45
204,Outros vírus respiratórios,28,2022,45,2022-SE45
204,Parainfluenza,21,2022,45,2022-SE45
204,Rinovírus,132,2022,45,2022-SE45
204,SARS-CoV-2,1425,2022,45,2022-SE45
204,VSR,262,2022,45,2022-SE45
205,Adenovírus,68,2022,46,2022-SE46
205,Bocavírus,2,2022,46,2022-SE46
205,Influenza A(H1N1)pdm09,24,2022,46,2022-SE46
205,Influenza A(H3N2),29,2022,46,2022-SE46
205,Influenza A(não subtipada),26,2022,46,2022-SE46
205,Influenza B,3,2022,46,2022-SE46
205,Metapneumovírus,14,2022,46,2022-SE46
205,Outros vírus respiratórios,23,2022,46,2022-SE46
205,Parainfluenza,26,2022,46,2022-SE46
205,Rinovírus,130,2022,46,2022-SE46
205,SARS-CoV-2,2044,2022,46,2022-SE46
205,VSR,261,2022,46,2022-SE46
206,Adenovírus,53,2022,47,2022-SE47
206,Bocavírus,6,2022,47,2022-SE47
206,Influenza A(H1N1)pdm09,16,2022,47,2022-SE47
206,Influenza A(H3N2),13,2022,47,2022-SE47
206,Influenza A(não subtipada),22,2022,47,2022-SE47
206,Influenza B,3,2022,47,2022-SE47
206,Metapneumovírus,13,2022,47,2022-SE47
206,Outros vírus respiratórios,14,2022,47,2022-SE47
206,Parainfluenza,14,2022,47,2022-SE47
206,Rinovírus,86,2022,47,2022-SE47
206,SARS-CoV-2,2201,2022,47,2022-SE47
206,VSR,235,2022,47,2022-SE47
207,Adenovírus,56,2022,48,2022-SE48
207,Bocavírus,1,2022,48,2022-SE48
207,Influenza A(H1N1)pdm09,12,2022,48,2022-SE48
207,Influenza A(H3N2),17,2022,48,2022-SE48
207,Influenza A(não subtipada),18,2022,48,2022-SE48
207,Influenza B,4,2022,48,2022-SE48
207,Metapneumovírus,14,2022,48,2022-SE48
207,Outros vírus respiratórios,14,2022,48,2022-SE48
207,Parainfluenza,13,2022,48,2022-SE48
207,Rinovírus,76,2022,48,2022-SE48
207,SARS-CoV-2,2370,2022,48,2022-SE48
207,VSR,263,2022,48,2022-SE48
208,Adenovírus,44,2022,49,2022-SE49
208,Bocavírus,2,2022,49,2022-SE49
208,Influenza A(H1N1)pdm09,21,2022,49,2022-SE49
208,Influenza A(H3N2),16,2022,49,2022-SE49
208,Influenza A(não subtipada),8,2022,49,2022-SE49
208,Influenza B,4,2022,49,2022-SE49
208,Metapneumovírus,18,2022,49,2022-SE49
208,Outros vírus respiratórios,14,2022,49,2022-SE49
208,Parainfluenza,6,2022,49,2022-SE49
208,Rinovírus,74,2022,49,2022-SE49
208,SARS-CoV-2,2403,2022,49,2022-SE49
208,VSR,315,2022,49,2022-SE49
209,Adenovírus,26,2022,50,2022-SE50
209,Bocavírus,6,2022,50,2022-SE50
209,Influenza A(H1N1)pdm09,9,2022,50,2022-SE50
209,Influenza A(H3N2),11,2022,50,2022-SE50
209,Influenza A(não subtipada),18,2022,50,2022-SE50
209,Influenza B,3,2022,50,2022-SE50
209,Metapneumovírus,24,2022,50,2022-SE50
209,Outros vírus respiratórios,17,2022,50,2022-SE50
209,Parainfluenza,7,2022,50,2022-SE50
209,Rinovírus,55,2022,50,2022-SE50
209,SARS-CoV-2,2031,2022,50,2022-SE50
209,VSR,292,2022,50,2022-SE50
210,Adenovírus,23,2022,51,2022-SE51
210,Bocavírus,1,2022,51,2022-SE51
210,Influenza A(H1N1)pdm09,6,2022,51,2022-SE51
210,Influenza A(H3N2),5,2022,51,2022-SE51
210,Influenza A(não subtipada),10,2022,51,2022-SE51
210,Influenza B,3,2022,51,2022-SE51
210,Metapneumovírus,18,2022,51,2022-SE51
210,Outros vírus respiratórios,26,2022,51,2022-SE51
210,Parainfluenza,9,2022,51,2022-SE51
210,Rinovírus,62,2022,51,2022-SE51
210,SARS-CoV-2,1762,2022,51,2022-SE51
210,VSR,360,2022,51,2022-SE51
211,Adenovírus,21,2022,52,2022-SE52
211,Bocavírus,4,2022,52,2022-SE52
211,Influenza A(H1N1)pdm09,6,2022,52,2022-SE52
211,Influenza A(H3N2),3,2022,52,2022-SE52
211,Influenza A(não subtipada),12,2022,52,2022-SE52
211,Influenza B,15,2022,52,2022-SE52
211,Metapneumovírus,16,2022,52,2022-SE52
211,Outros vírus respiratórios,11,2022,52,2022-SE52
211,Parainfluenza,4,2022,52,2022-SE52
211,Rinovírus,40,2022,52,2022-SE52
211,SARS-CoV-2,1462,2022,52,2022-SE52
211,VSR,341,2022,52,2022-SE52
213,Adenovírus,27,2023,1,2023-SE01
213,Bocavírus,2,2023,1,2023-SE01
213,Influenza A(H1N1)pdm09,4,2023,1,2023-SE01
213,Influenza A(H3N2),3,2023,1,2023-SE01
213,Influenza A(não subtipada),7,2023,1,2023-SE01
213,Influenza B,7,2023,1,2023-SE01
213,Metapneumovírus,23,2023,1,2023-SE01
213,Outros vírus respiratórios,12,2023,1,2023-SE01
213,Parainfluenza,10,2023,1,2023-SE01
213,Rinovírus,59,2023,1,2023-SE01
213,SARS-CoV-2,1121,2023,1,2023-SE01
213,VSR,295,2023,1,2023-SE01
214,Adenovírus,12,2023,2,2023-SE02
214,Bocavírus,1,2023,2,2023-SE02
214,Influenza A(H1N1)pdm09,5,2023,2,2023-SE02
214,Influenza A(H3N2),1,2023,2,2023-SE02
214,Influenza A(não subtipada),6,2023,2,2023-SE02
214,Influenza B,8,2023,2,2023-SE02
214,Metapneumovírus,9,2023,2,2023-SE02
214,Outros vírus respiratórios,11,2023,2,2023-SE02
214,Parainfluenza,10,2023,2,2023-SE02
214,Rinovírus,37,2023,2,2023-SE02
214,SARS-CoV-2,720,2023,2,2023-SE02
214,VSR,268,2023,2,2023-SE02
215,Adenovírus,14,2023,3,2023-SE03
215,Bocavírus,2,2023,3,2023-SE03
215,Influenza A(H1N1)pdm09,3,2023,3,2023-SE03
215,Influenza A(H3N2),0,2023,3,2023-SE03
215,Influenza A(não subtipada),8,2023,3,2023-SE03
215,Influenza B,15,2023,3,2023-SE03
215,Metapneumovírus,14,2023,3,2023-SE03
215,Outros vírus respiratórios,18,2023,3,2023-SE03
215,Parainfluenza,5,2023,3,2023-SE03
215,Rinovírus,41,2023,3,2023-SE03
215,SARS-CoV-2,530,2023,3,2023-SE03
215,VSR,229,2023,3,2023-SE03
216,Adenovírus,13,2023,4,2023-SE04
216,Bocavírus,3,2023,4,2023-SE04
216,Influenza A(H1N1)pdm09,8,2023,4,2023-SE04
216,Influenza A(H3N2),1,2023,4,2023-SE04
216,Influenza A(não subtipada),9,2023,4,2023-SE04
216,Influenza B,8,2023,4,2023-SE04
216,Metapneumovírus,14,2023,4,2023-SE04
216,Outros vírus respiratórios,24,2023,4,2023-SE04
216,Parainfluenza,12,2023,4,2023-SE04
216,Rinovírus,61,2023,4,2023-SE04
216,SARS-CoV-2,412,2023,4,2023-SE04
216,VSR,224,2023,4,2023-SE04
217,Adenovírus,16,2023,5,2023-SE05
217,Bocavírus,6,2023,5,2023-SE05
217,Influenza A(H1N1)pdm09,6,2023,5,2023-SE05
217,Influenza A(H3N2),0,2023,5,2023-SE05
217,Influenza A(não subtipada),7,2023,5,2023-SE05
217,Influenza B,19,2023,5,2023-SE05
217,Metapneumovírus,9,2023,5,2023-SE05
217,Outros vírus respiratórios,15,2023,5,2023-SE05
217,Parainfluenza,2,2023,5,2023-SE05
217,Rinovírus,91,2023,5,2023-SE05
217,SARS-CoV-2,416,2023,5,2023-SE05
217,VSR,256,2023,5,2023-SE05
218,Adenovírus,15,2023,6,2023-SE06
218,Bocavírus,3,2023,6,2023-SE06
218,Influenza A(H1N1)pdm09,7,2023,6,2023-SE06
218,Influenza A(H3N2),1,2023,6,2023-SE06
218,Influenza A(não subtipada),16,2023,6,2023-SE06
218,Influenza B,37,2023,6,2023-SE06
218,Metapneumovírus,14,2023,6,2023-SE06
218,Outros vírus respiratórios,16,2023,6,2023-SE06
218,Parainfluenza,8,2023,6,2023-SE06
218,Rinovírus,168,2023,6,2023-SE06
218,SARS-CoV-2,515,2023,6,2023-SE06
218,VSR,290,2023,6,2023-SE06
219,Adenovírus,8,2023,7,2023-SE07
219,Bocavírus,4,2023,7,2023-SE07
219,Influenza A(H1N1)pdm09,10,2023,7,2023-SE07
219,Influenza A(H3N2),1,2023,7,2023-SE07
219,Influenza A(não subtipada),13,2023,7,2023-SE07
219,Influenza B,38,2023,7,2023-SE07
219,Metapneumovírus,14,2023,7,2023-SE07
219,Outros vírus respiratórios,26,2023,7,2023-SE07
219,Parainfluenza,12,2023,7,2023-SE07
219,Rinovírus,279,2023,7,2023-SE07
219,SARS-CoV-2,579,2023,7,2023-SE07
219,VSR,380,2023,7,2023-SE07
220,Adenovírus,19,2023,8,2023-SE08
220,Bocavírus,3,2023,8,2023-SE08
220,Influenza A(H1N1)pdm09,12,2023,8,2023-SE08
220,Influenza A(H3N2),0,2023,8,2023-SE08
220,Influenza A(não subtipada),26,2023,8,2023-SE08
220,Influenza B,55,2023,8,2023-SE08
220,Metapneumovírus,18,2023,8,2023-SE08
220,Outros vírus respiratórios,31,2023,8,2023-SE08
220,Parainfluenza,15,2023,8,2023-SE08
220,Rinovírus,240,2023,8,2023-SE08
220,SARS-CoV-2,646,2023,8,2023-SE08
220,VSR,509,2023,8,2023-SE08
221,Adenovírus,9,2023,9,2023-SE09
221,Bocavírus,2,2023,9,2023-SE09
221,Influenza A(H1N1)pdm09,27,2023,9,2023-SE09
221,Influenza A(H3N2),1,2023,9,2023-SE09
221,Influenza A(não subtipada),27,2023,9,2023-SE09
221,Influenza B,60,2023,9,2023-SE09
221,Metapneumovírus,25,2023,9,2023-SE09
221,Outros vírus respiratórios,20,2023,9,2023-SE09
221,Parainfluenza,16,2023,9,2023-SE09
221,Rinovírus,197,2023,9,2023-SE09
221,SARS-CoV-2,773,2023,9,2023-SE09
221,VSR,568,2023,9,2023-SE09
222,Adenovírus,16,2023,10,2023-SE10
222,Bocavírus,3,2023,10,2023-SE10
222,Influenza A(H1N1)pdm09,22,2023,10,2023-SE10
222,Influenza A(H3N2),0,2023,10,2023-SE10
222,Influenza A(não subtipada),23,2023,10,2023-SE10
222,Influenza B,81,2023,10,2023-SE10
222,Metapneumovírus,21,2023,10,2023-SE10
222,Outros vírus respiratórios,17,2023,10,2023-SE10
222,Parainfluenza,20,2023,10,2023-SE10
222,Rinovírus,182,2023,10,2023-SE10
222,SARS-CoV-2,755,2023,10,2023-SE10
222,VSR,730,2023,10,2023-SE10
223,Adenovírus,20,2023,11,2023-SE11
223,Bocavírus,6,2023,11,2023-SE11
223,Influenza A(H1N1)pdm09,48,2023,11,2023-SE11
223,Influenza A(H3N2),0,2023,11,2023-SE11
223,Influenza A(não subtipada),42,2023,11,2023-SE11
223,Influenza B,138,2023,11,2023-SE11
223,Metapneumovírus,28,2023,11,2023-SE11
223,Outros vírus respiratórios,13,2023,11,2023-SE11
223,Parainfluenza,19,2023,11,2023-SE11
223,Rinovírus,179,2023,11,2023-SE11
223,SARS-CoV-2,731,2023,11,2023-SE11
223,VSR,963,2023,11,2023-SE11
224,Adenovírus,31,2023,12,2023-SE12
224,Bocavírus,5,2023,12,2023-SE12
224,Influenza A(H1N1)pdm09,72,2023,12,2023-SE12
224,Influenza A(H3N2),2,2023,12,2023-SE12
224,Influenza A(não subtipada),77,2023,12,2023-SE12
224,Influenza B,133,2023,12,2023-SE12
224,Metapneumovírus,38,2023,12,2023-SE12
224,Outros vírus respiratórios,27,2023,12,2023-SE12
224,Parainfluenza,19,2023,12,2023-SE12
224,Rinovírus,162,2023,12,2023-SE12
224,SARS-CoV-2,684,2023,12,2023-SE12
224,VSR,1090,2023,12,2023-SE12
225,Adenovírus,21,2023,13,2023-SE13
225,Bocavírus,8,2023,13,2023-SE13
225,Influenza A(H1N1)pdm09,91,2023,13,2023-SE13
225,Influenza A(H3N2),1,2023,13,2023-SE13
225,Influenza A(não subtipada),83,2023,13,2023-SE13
225,Influenza B,137,2023,13,2023-SE13
225,Metapneumovírus,35,2023,13,2023-SE13
225,Outros vírus respiratórios,23,2023,13,2023-SE13
225,Parainfluenza,23,2023,13,2023-SE13
225,Rinovírus,135,2023,13,2023-SE13
225,SARS-CoV-2,637,2023,13,2023-SE13
225,VSR,1151,2023,13,2023-SE13
226,Adenovírus,26,2023,14,2023-SE14
226,Bocavírus,10,2023,14,2023-SE14
226,Influenza A(H1N1)pdm09,90,2023,14,2023-SE14
226,Influenza A(H3N2),1,2023,14,2023-SE14
226,Influenza A(não subtipada),90,2023,14,2023-SE14
226,Influenza B,133,2023,14,2023-SE14
226,Metapneumovírus,38,2023,14,2023-SE14
226,Outros vírus respiratórios,37,2023,14,2023-SE14
226,Parainfluenza,23,2023,14,2023-SE14
226,Rinovírus,124,2023,14,2023-SE14
226,SARS-CoV-2,595,2023,14,2023-SE14
226,VSR,1110,2023,14,2023-SE14
227,Adenovírus,27,2023,15,2023-SE15
227,Bocavírus,10,2023,15,2023-SE15
227,Influenza A(H1N1)pdm09,127,2023,15,2023-SE15
227,Influenza A(H3N2),1,2023,15,2023-SE15
227,Influenza A(não subtipada),128,2023,15,2023-SE15
227,Influenza B,171,2023,15,2023-SE15
227,Metapneumovírus,50,2023,15,2023-SE15
227,Outros vírus respiratórios,26,2023,15,2023-SE15
227,Parainfluenza,35,2023,15,2023-SE15
227,Rinovírus,128,2023,15,2023-SE15
227,SARS-CoV-2,577,2023,15,2023-SE15
227,VSR,1186,2023,15,2023-SE15
228,Adenovírus,33,2023,16,2023-SE16
228,Bocavírus,9,2023,16,2023-SE16
228,Influenza A(H1N1)pdm09,127,2023,16,2023-SE16
228,Influenza A(H3N2),2,2023,16,2023-SE16
228,Influenza A(não subtipada),122,2023,16,2023-SE16
228,Influenza B,155,2023,16,2023-SE16
228,Metapneumovírus,51,2023,16,2023-SE16
228,Outros vírus respiratórios,27,2023,16,2023-SE16
228,Parainfluenza,33,2023,16,2023-SE16
228,Rinovírus,134,2023,16,2023-SE16
228,SARS-CoV-2,550,2023,16,2023-SE16
228,VSR,1132,2023,16,2023-SE16
229,Adenovírus,31,2023,17,2023-SE17
229,Bocavírus,15,2023,17,2023-SE17
229,Influenza A(H1N1)pdm09,139,2023,17,2023-SE17
229,Influenza A(H3N2),3,2023,17,2023-SE17
229,Influenza A(não subtipada),153,2023,17,2023-SE17
229,Influenza B,127,2023,17,2023-SE17
229,Metapneumovírus,35,2023,17,2023-SE17
229,Outros vírus respiratórios,36,2023,17,2023-SE17
229,Parainfluenza,44,2023,17,2023-SE17
229,Rinovírus,148,2023,17,2023-SE17
229,SARS-CoV-2,451,2023,17,2023-SE17
229,VSR,981,2023,17,2023-SE17
230,Adenovírus,32,2023,18,2023-SE18
230,Bocavírus,24,2023,18,2023-SE18
230,Influenza A(H1N1)pdm09,184,2023,18,2023-SE18
230,Influenza A(H3N2),1,2023,18,2023-SE18
230,Influenza A(não subtipada),185,2023,18,2023-SE18
230,Influenza B,156,2023,18,2023-SE18
230,Metapneumovírus,56,2023,18,2023-SE18
230,Outros vírus respiratórios,33,2023,18,2023-SE18
230,Parainfluenza,31,2023,18,2023-SE18
230,Rinovírus,156,2023,18,2023-SE18
230,SARS-CoV-2,493,2023,18,2023-SE18
230,VSR,1182,2023,18,2023-SE18
231,Adenovírus,40,2023,19,2023-SE19
231,Bocavírus,22,2023,19,2023-SE19
231,Influenza A(H1N1)pdm09,212,2023,19,2023-SE19
231,Influenza A(H3N2),2,2023,19,2023-SE19
231,Influenza A(não subtipada),173,2023,19,2023-SE19
231,Influenza B,145,2023,19,2023-SE19
231,Metapneumovírus,57,2023,19,2023-SE19
231,Outros vírus respiratórios,37,2023,19,2023-SE19
231,Parainfluenza,38,2023,19,2023-SE19
231,Rinovírus,161,2023,19,2023-SE19
231,SARS-CoV-2,491,2023,19,2023-SE19
231,VSR,1095,2023,19,2023-SE19
232,Adenovírus,30,2023,20,2023-SE20
232,Bocavírus,39,2023,20,2023-SE20
232,Influenza A(H1N1)pdm09,200,2023,20,2023-SE20
232,Influenza A(H3N2),2,2023,20,2023-SE20
232,Influenza A(não subtipada),197,2023,20,2023-SE20
232,Influenza B,141,2023,20,2023-SE20
232,Metapneumovírus,80,2023,20,2023-SE20
232,Outros vírus respiratórios,45,2023,20,2023-SE20
232,Parainfluenza,64,2023,20,2023-SE20
232,Rinovírus,214,2023,20,2023-SE20
232,SARS-CoV-2,563,2023,20,2023-SE20
232,VSR,1049,2023,20,2023-SE20
233,Adenovírus,36,2023,21,2023-SE21
233,Bocavírus,29,2023,21,2023-SE21
233,Influenza A(H1N1)pdm09,190,2023,21,2023-SE21
233,Influenza A(H3N2),5,2023,21,2023-SE21
233,Influenza A(não subtipada),158,2023,21,2023-SE21
233,Influenza B,149,2023,21,2023-SE21
233,Metapneumovírus,86,2023,21,2023-SE21
233,Outros vírus respiratórios,60,2023,21,2023-SE21
233,Parainfluenza,44,2023,21,2023-SE21
233,Rinovírus,207,2023,21,2023-SE21
233,SARS-CoV-2,459,2023,21,2023-SE21
233,VSR,922,2023,21,2023-SE21
234,Adenovírus,50,2023,22,2023-SE22
234,Bocavírus,51,2023,22,2023-SE22
234,Influenza A(H1N1)pdm09,139,2023,22,2023-SE22
234,Influenza A(H3N2),2,2023,22,2023-SE22
234,Influenza A(não subtipada),113,2023,22,2023-SE22
234,Influenza B,100,2023,22,2023-SE22
234,Metapneumovírus,103,2023,22,2023-SE22
234,Outros vírus respiratórios,45,2023,22,2023-SE22
234,Parainfluenza,55,2023,22,2023-SE22
234,Rinovírus,224,2023,22,2023-SE22
234,SARS-CoV-2,420,2023,22,2023-SE22
234,VSR,787,2023,22,2023-SE22
235,Adenovírus,43,2023,23,2023-SE23
235,Bocavírus,46,2023,23,2023-SE23
235,Influenza A(H1N1)pdm09,93,2023,23,2023-SE23
235,Influenza A(H3N2),2,2023,23,2023-SE23
235,Influenza A(não subtipada),114,2023,23,2023-SE23
235,Influenza B,72,2023,23,2023-SE23
235,Metapneumovírus,96,2023,23,2023-SE23
235,Outros vírus respiratórios,63,2023,23,2023-SE23
235,Parainfluenza,47,2023,23,2023-SE23
235,Rinovírus,212,2023,23,2023-SE23
235,SARS-CoV-2,338,2023,23,2023-SE23
235,VSR,750,2023,23,2023-SE23
236,Adenovírus,37,2023,24,2023-SE24
236,Bocavírus,42,2023,24,2023-SE24
236,Influenza A(H1N1)pdm09,67,2023,24,2023-SE24
236,Influenza A(H3N2),0,2023,24,2023-SE24
236,Influenza A(não subtipada),97,2023,24,2023-SE24
236,Influenza B,59,2023,24,2023-SE24
236,Metapneumovírus,90,2023,24,2023-SE24
236,Outros vírus respiratórios,43,2023,24,2023-SE24
236,Parainfluenza,52,2023,24,2023-SE24
236,Rinovírus,214,2023,24,2023-SE24
236,SARS-CoV-2,307,2023,24,2023-SE24
236,VSR,592,2023,24,2023-SE24
237,Adenovírus,45,2023,25,2023-SE25
237,Bocavírus,47,2023,25,2023-SE25
237,Influenza A(H1N1)pdm09,53,2023,25,2023-SE25
237,Influenza A(H3N2),0,2023,25,2023-SE25
237,Influenza A(não subtipada),63,2023,25,2023-SE25
237,Influenza B,49,2023,25,2023-SE25
237,Metapneumovírus,102,2023,25,2023-SE25
237,Outros vírus respiratórios,69,2023,25,2023-SE25
237,Parainfluenza,73,2023,25,2023-SE25
237,Rinovírus,249,2023,25,2023-SE25
237,SARS-CoV-2,307,2023,25,2023-SE25
237,VSR,576,2023,25,2023-SE25
238,Adenovírus,49,2023,26,2023-SE26
238,Bocavírus,32,2023,26,2023-SE26
238,Influenza A(H1N1)pdm09,41,2023,26,2023-SE26
238,Influenza A(H3N2),0,2023,26,2023-SE26
238,Influenza A(não subtipada),57,2023,26,2023-SE26
238,Influenza B,41,2023,26,2023-SE26
238,Metapneumovírus,115,2023,26,2023-SE26
238,Outros vírus respiratórios,76,2023,26,2023-SE26
238,Parainfluenza,57,2023,26,2023-SE26
238,Rinovírus,251,2023,26,2023-SE26
238,SARS-CoV-2,272,2023,26,2023-SE26
238,VSR,512,2023,26,2023-SE26
239,Adenovírus,62,2023,27,2023-SE27
239,Bocavírus,32,2023,27,2023-SE27
239,Influenza A(H1N1)pdm09,31,2023,27,2023-SE27
239,Influenza A(H3N2),0,2023,27,2023-SE27
239,Influenza A(não subtipada),46,2023,27,2023-SE27
239,Influenza B,40,2023,27,2023-SE27
239,Metapneumovírus,122,2023,27,2023-SE27
239,Outros vírus respiratórios,57,2023,27,2023-SE27
239,Parainfluenza,45,2023,27,2023-SE27
239,Rinovírus,253,2023,27,2023-SE27
239,SARS-CoV-2,247,2023,27,2023-SE27
239,VSR,445,2023,27,2023-SE27
240,Adenovírus,63,2023,28,2023-SE28
240,Bocavírus,28,2023,28,2023-SE28
240,Influenza A(H1N1)pdm09,20,2023,28,2023-SE28
240,Influenza A(H3N2),0,2023,28,2023-SE28
240,Influenza A(não subtipada),32,2023,28,2023-SE28
240,Influenza B,36,2023,28,2023-SE28
240,Metapneumovírus,107,2023,28,2023-SE28
240,Outros vírus respiratórios,58,2023,28,2023-SE28
240,Parainfluenza,44,2023,28,2023-SE28
240,Rinovírus,312,2023,28,2023-SE28
240,SARS-CoV-2,239,2023,28,2023-SE28
240,VSR,343,2023,28,2023-SE28
241,Adenovírus,59,2023,29,2023-SE29
241,Bocavírus,23,2023,29,2023-SE29
241,Influenza A(H1N1)pdm09,16,2023,29,2023-SE29
241,Influenza A(H3N2),0,2023,29,2023-SE29
241,Influenza A(não subtipada),31,2023,29,2023-SE29
241,Influenza B,30,2023,29,2023-SE29
241,Metapneumovírus,98,2023,29,2023-SE29
241,Outros vírus respiratórios,51,2023,29,2023-SE29
241,Parainfluenza,43,2023,29,2023-SE29
241,Rinovírus,280,2023,29,2023-SE29
241,SARS-CoV-2,187,2023,29,2023-SE29
241,VSR,261,2023,29,2023-SE29
242,Adenovírus,47,2023,30,2023-SE30
242,Bocavírus,28,2023,30,2023-SE30
242,Influenza A(H1N1)pdm09,12,2023,30,2023-SE30
242,Influenza A(H3N2),0,2023,30,2023-SE30
242,Influenza A(não subtipada),17,2023,30,2023-SE30
242,Influenza B,14,2023,30,2023-SE30
242,Metapneumovírus,107,2023,30,2023-SE30
242,Outros vírus respiratórios,31,2023,30,2023-SE30
242,Parainfluenza,42,2023,30,2023-SE30
242,Rinovírus,258,2023,30,2023-SE30
242,SARS-CoV-2,178,2023,30,2023-SE30
242,VSR,186,2023,30,2023-SE30
243,Adenovírus,71,2023,31,2023-SE31
243,Bocavírus,27,2023,31,2023-SE31
243,Influenza A(H1N1)pdm09,6,2023,31,2023-SE31
243,Influenza A(H3N2),1,2023,31,2023-SE31
243,Influenza A(não subtipada),22,2023,31,2023-SE31
243,Influenza B,11,2023,31,2023-SE31
243,Metapneumovírus,86,2023,31,2023-SE31
243,Outros vírus respiratórios,46,2023,31,2023-SE31
243,Parainfluenza,34,2023,31,2023-SE31
243,Rinovírus,375,2023,31,2023-SE31
243,SARS-CoV-2,209,2023,31,2023-SE31
243,VSR,196,2023,31,2023-SE31
244,Adenovírus,57,2023,32,2023-SE32
244,Bocavírus,18,2023,32,2023-SE32
244,Influenza A(H1N1)pdm09,7,2023,32,2023-SE32
244,Influenza A(H3N2),0,2023,32,2023-SE32
244,Influenza A(não subtipada),11,2023,32,2023-SE32
244,Influenza B,10,2023,32,2023-SE32
244,Metapneumovírus,62,2023,32,2023-SE32
244,Outros vírus respiratórios,44,2023,32,2023-SE32
244,Parainfluenza,32,2023,32,2023-SE32
244,Rinovírus,395,2023,32,2023-SE32
244,SARS-CoV-2,211,2023,32,2023-SE32
244,VSR,143,2023,32,2023-SE32
245,Adenovírus,67,2023,33,2023-SE33
245,Bocavírus,21,2023,33,2023-SE33
245,Influenza A(H1N1)pdm09,4,2023,33,2023-SE33
245,Influenza A(H3N2),0,2023,33,2023-SE33
245,Influenza A(não subtipada),13,2023,33,2023-SE33
245,Influenza B,7,2023,33,2023-SE33
245,Metapneumovírus,78,2023,33,2023-SE33
245,Outros vírus respiratórios,46,2023,33,2023-SE33
245,Parainfluenza,26,2023,33,2023-SE33
245,Rinovírus,398,2023,33,2023-SE33
245,SARS-CoV-2,284,2023,33,2023-SE33
245,VSR,152,2023,33,2023-SE33
246,Adenovírus,72,2023,34,2023-SE34
246,Bocavírus,19,2023,34,2023-SE34
246,Influenza A(H1N1)pdm09,6,2023,34,2023-SE34
246,Influenza A(H3N2),0,2023,34,2023-SE34
246,Influenza A(não subtipada),18,2023,34,2023-SE34
246,Influenza B,10,2023,34,2023-SE34
246,Metapneumovírus,62,2023,34,2023-SE34
246,Outros vírus respiratórios,45,2023,34,2023-SE34
246,Parainfluenza,42,2023,34,2023-SE34
246,Rinovírus,443,2023,34,2023-SE34
246,SARS-CoV-2,281,2023,34,2023-SE34
246,VSR,117,2023,34,2023-SE34
247,Adenovírus,83,2023,35,2023-SE35
247,Bocavírus,17,2023,35,2023-SE35
247,Influenza A(H1N1)pdm09,3,2023,35,2023-SE35
247,Influenza A(H3N2),0,2023,35,2023-SE35
247,Influenza A(não subtipada),12,2023,35,2023-SE35
247,Influenza B,7,2023,35,2023-SE35
247,Metapneumovírus,56,2023,35,2023-SE35
247,Outros vírus respiratórios,30,2023,35,2023-SE35
247,Parainfluenza,20,2023,35,2023-SE35
247,Rinovírus,379,2023,35,2023-SE35
247,SARS-CoV-2,336,2023,35,2023-SE35
247,VSR,117,2023,35,2023-SE35
248,Adenovírus,58,2023,36,2023-SE36
248,Bocavírus,12,2023,36,2023-SE36
248,Influenza A(H1N1)pdm09,2,2023,36,2023-SE36
248,Influenza A(H3N2),0,2023,36,2023-SE36
248,Influenza A(não subtipada),11,2023,36,2023-SE36
248,Influenza B,10,2023,36,2023-SE36
248,Metapneumovírus,63,2023,36,2023-SE36
248,Outros vírus respiratórios,22,2023,36,2023-SE36
248,Parainfluenza,28,2023,36,2023-SE36
248,Rinovírus,333,2023,36,2023-SE36
248,SARS-CoV-2,375,2023,36,2023-SE36
248,VSR,86,2023,36,2023-SE36
249,Adenovírus,67,2023,37,2023-SE37
249,Bocavírus,9,2023,37,2023-SE37
249,Influenza A(H1N1)pdm09,2,2023,37,2023-SE37
249,Influenza A(H3N2),0,2023,37,2023-SE37
249,Influenza A(não subtipada),14,2023,37,2023-SE37
249,Influenza B,6,2023,37,2023-SE37
249,Metapneumovírus,68,2023,37,2023-SE37
249,Outros vírus respiratórios,14,2023,37,2023-SE37
249,Parainfluenza,29,2023,37,2023-SE37
249,Rinovírus,335,2023,37,2023-SE37
249,SARS-CoV-2,458,2023,37,2023-SE37
249,VSR,105,2023,37,2023-SE37
250,Adenovírus,85,2023,38,2023-SE38
250,Bocavírus,14,2023,38,2023-SE38
250,Influenza A(H1N1)pdm09,0,2023,38,2023-SE38
250,Influenza A(H3N2),0,2023,38,2023-SE38
250,Influenza A(não subtipada),10,2023,38,2023-SE38
250,Influenza B,4,2023,38,2023-SE38
250,Metapneumovírus,66,2023,38,2023-SE38
250,Outros vírus respiratórios,36,2023,38,2023-SE38
250,Parainfluenza,37,2023,38,2023-SE38
250,Rinovírus,318,2023,38,2023-SE38
250,SARS-CoV-2,534,2023,38,2023-SE38
250,VSR,104,2023,38,2023-SE38
251,Adenovírus,53,2023,39,2023-SE39
251,Bocavírus,26,2023,39,2023-SE39
251,Influenza A(H1N1)pdm09,1,2023,39,2023-SE39
251,Influenza A(H3N2),0,2023,39,2023-SE39
251,Influenza A(não subtipada),7,2023,39,2023-SE39
251,Influenza B,4,2023,39,2023-SE39
251,Metapneumovírus,60,2023,39,2023-SE39
251,Outros vírus respiratórios,16,2023,39,2023-SE39
251,Parainfluenza,54,2023,39,2023-SE39
251,Rinovírus,295,2023,39,2023-SE39
251,SARS-CoV-2,544,2023,39,2023-SE39
251,VSR,89,2023,39,2023-SE39
252,Adenovírus,64,2023,40,2023-SE40
252,Bocavírus,21,2023,40,2023-SE40
252,Influenza A(H1N1)pdm09,1,2023,40,2023-SE40
252,Influenza A(H3N2),1,2023,40,2023-SE40
252,Influenza A(não subtipada),12,2023,40,2023-SE40
252,Influenza B,1,2023,40,2023-SE40
252,Metapneumovírus,52,2023,40,2023-SE40
252,Outros vírus respiratórios,32,2023,40,2023-SE40
252,Parainfluenza,37,2023,40,2023-SE40
252,Rinovírus,297,2023,40,2023-SE40
252,SARS-CoV-2,699,2023,40,2023-SE40
252,VSR,98,2023,40,2023-SE40
253,Adenovírus,62,2023,41,2023-SE41
253,Bocavírus,15,2023,41,2023-SE41
253,Influenza A(H1N1)pdm09,3,2023,41,2023-SE41
253,Influenza A(H3N2),0,2023,41,2023-SE41
253,Influenza A(não subtipada),16,2023,41,2023-SE41
253,Influenza B,6,2023,41,2023-SE41
253,Metapneumovírus,52,2023,41,2023-SE41
253,Outros vírus respiratórios,28,2023,41,2023-SE41
253,Parainfluenza,41,2023,41,2023-SE41
253,Rinovírus,272,2023,41,2023-SE41
253,SARS-CoV-2,661,2023,41,2023-SE41
253,VSR,137,2023,41,2023-SE41
254,Adenovírus,41,2023,42,2023-SE42
254,Bocavírus,8,2023,42,2023-SE42
254,Influenza A(H1N1)pdm09,1,2023,42,2023-SE42
254,Influenza A(H3N2),1,2023,42,2023-SE42
254,Influenza A(não subtipada),11,2023,42,2023-SE42
254,Influenza B,6,2023,42,2023-SE42
254,Metapneumovírus,49,2023,42,2023-SE42
254,Outros vírus respiratórios,30,2023,42,2023-SE42
254,Parainfluenza,54,2023,42,2023-SE42
254,Rinovírus,237,2023,42,2023-SE42
254,SARS-CoV-2,826,2023,42,2023-SE42
254,VSR,127,2023,42,2023-SE42
255,Adenovírus,49,2023,43,2023-SE43
255,Bocavírus,13,2023,43,2023-SE43
255,Influenza A(H1N1)pdm09,2,2023,43,2023-SE43
255,Influenza A(H3N2),2,2023,43,2023-SE43
255,Influenza A(não subtipada),7,2023,43,2023-SE43
255,Influenza B,5,2023,43,2023-SE43
255,Metapneumovírus,53,2023,43,2023-SE43
255,Outros vírus respiratórios,44,2023,43,2023-SE43
255,Parainfluenza,53,2023,43,2023-SE43
255,Rinovírus,289,2023,43,2023-SE43
255,SARS-CoV-2,790,2023,43,2023-SE43
255,VSR,124,2023,43,2023-SE43
256,Adenovírus,32,2023,44,2023-SE44
256,Bocavírus,10,2023,44,2023-SE44
256,Influenza A(H1N1)pdm09,1,2023,44,2023-SE44
256,Influenza A(H3N2),1,2023,44,2023-SE44
256,Influenza A(não subtipada),12,2023,44,2023-SE44
256,Influenza B,3,2023,44,2023-SE44
256,Metapneumovírus,43,2023,44,2023-SE44
256,Outros vírus respiratórios,20,2023,44,2023-SE44
256,Parainfluenza,37,2023,44,2023-SE44
256,Rinovírus,196,2023,44,2023-SE44
256,SARS-CoV-2,672,2023,44,2023-SE44
256,VSR,116,2023,44,2023-SE44
257,Adenovírus,35,2023,45,2023-SE45
257,Bocavírus,13,2023,45,2023-SE45
257,Influenza A(H1N1)pdm09,0,2023,45,2023-SE45
257,Influenza A(H3N2),1,2023,45,2023-SE45
257,Influenza A(não subtipada),11,2023,45,2023-SE45
257,Influenza B,3,2023,45,2023-SE45
257,Metapneumovírus,35,2023,45,2023-SE45
257,Outros vírus respiratórios,36,2023,45,2023-SE45
257,Parainfluenza,34,2023,45,2023-SE45
257,Rinovírus,198,2023,45,2023-SE45
257,SARS-CoV-2,703,2023,45,2023-SE45
257,VSR,99,2023,45,2023-SE45
258,Adenovírus,26,2023,46,2023-SE46
258,Bocavírus,7,2023,46,2023-SE46
258,Influenza A(H1N1)pdm09,0,2023,46,2023-SE46
258,Influenza A(H3N2),2,2023,46,2023-SE46
258,Influenza A(não subtipada),7,2023,46,2023-SE46
258,Influenza B,4,2023,46,2023-SE46
258,Metapneumovírus,17,2023,46,2023-SE46
258,Outros vírus respiratórios,34,2023,46,2023-SE46
258,Parainfluenza,43,2023,46,2023-SE46
258,Rinovírus,172,2023,46,2023-SE46
258,SARS-CoV-2,574,2023,46,2023-SE46
258,VSR,105,2023,46,2023-SE46
259,Adenovírus,34,2023,47,2023-SE47
259,Bocavírus,4,2023,47,2023-SE47
259,Influenza A(H1N1)pdm09,2,2023,47,2023-SE47
259,Influenza A(H3N2),2,2023,47,2023-SE47
259,Influenza A(não subtipada),7,2023,47,2023-SE47
259,Influenza B,3,2023,47,2023-SE47
259,Metapneumovírus,27,2023,47,2023-SE47
259,Outros vírus respiratórios,24,2023,47,2023-SE47
259,Parainfluenza,24,2023,47,2023-SE47
259,Rinovírus,144,2023,47,2023-SE47
259,SARS-CoV-2,482,2023,47,2023-SE47
259,VSR,111,2023,47,2023-SE47
260,Adenovírus,20,2023,48,2023-SE48
260,Bocavírus,7,2023,48,2023-SE48
260,Influenza A(H1N1)pdm09,2,2023,48,2023-SE48
260,Influenza A(H3N2),2,2023,48,2023-SE48
260,Influenza A(não subtipada),5,2023,48,2023-SE48
260,Influenza B,1,2023,48,2023-SE48
260,Metapneumovírus,26,2023,48,2023-SE48
260,Outros vírus respiratórios,35,2023,48,2023-SE48
260,Parainfluenza,36,2023,48,2023-SE48
260,Rinovírus,145,2023,48,2023-SE48
260,SARS-CoV-2,434,2023,48,2023-SE48
260,VSR,147,2023,48,2023-SE48
261,Adenovírus,26,2023,49,2023-SE49
261,Bocavírus,5,2023,49,2023-SE49
261,Influenza A(H1N1)pdm09,3,2023,49,2023-SE49
261,Influenza A(H3N2),3,2023,49,2023-SE49
261,Influenza A(não subtipada),11,2023,49,2023-SE49
261,Influenza B,5,2023,49,2023-SE49
261,Metapneumovírus,28,2023,49,2023-SE49
261,Outros vírus respiratórios,35,2023,49,2023-SE49
261,Parainfluenza,36,2023,49,2023-SE49
261,Rinovírus,140,2023,49,2023-SE49
261,SARS-CoV-2,419,2023,49,2023-SE49
261,VSR,145,2023,49,2023-SE49
262,Adenovírus,17,2023,50,2023-SE50
262,Bocavírus,8,2023,50,2023-SE50
262,Influenza A(H1N1)pdm09,3,2023,50,2023-SE50
262,Influenza A(H3N2),4,2023,50,2023-SE50
262,Influenza A(não subtipada),19,2023,50,2023-SE50
262,Influenza B,5,2023,50,2023-SE50
262,Metapneumovírus,18,2023,50,2023-SE50
262,Outros vírus respiratórios,21,2023,50,2023-SE50
262,Parainfluenza,33,2023,50,2023-SE50
262,Rinovírus,128,2023,50,2023-SE50
262,SARS-CoV-2,477,2023,50,2023-SE50
262,VSR,146,2023,50,2023-SE50
263,Adenovírus,9,2023,51,2023-SE51
263,Bocavírus,6,2023,51,2023-SE51
263,Influenza A(H1N1)pdm09,1,2023,51,2023-SE51
263,Influenza A(H3N2),5,2023,51,2023-SE51
263,Influenza A(não subtipada),13,2023,51,2023-SE51
263,Influenza B,6,2023,51,2023-SE51
263,Metapneumovírus,18,2023,51,2023-SE51
263,Outros vírus respiratórios,20,2023,51,2023-SE51
263,Parainfluenza,29,2023,51,2023-SE51
263,Rinovírus,81,2023,51,2023-SE51
263,SARS-CoV-2,358,2023,51,2023-SE51
263,VSR,131,2023,51,2023-SE51
264,Adenovírus,19,2023,52,2023-SE52
264,Bocavírus,5,2023,52,2023-SE52
264,Influenza A(H1N1)pdm09,3,2023,52,2023-SE52
264,Influenza A(H3N2),8,2023,52,2023-SE52
264,Influenza A(não subtipada),9,2023,52,2023-SE52
264,Influenza B,3,2023,52,2023-SE52
264,Metapneumovírus,11,2023,52,2023-SE52
264,Outros vírus respiratórios,21,2023,52,2023-SE52
264,Parainfluenza,20,2023,52,2023-SE52
264,Rinovírus,70,2023,52,2023-SE52
264,SARS-CoV-2,409,2023,52,2023-SE52
264,VSR,92,2023,52,2023-SE52
266,Adenovírus,22,2024,1,2024-SE01
266,Bocavírus,10,2024,1,2024-SE01
266,Influenza A(H1N1)pdm09,3,2024,1,2024-SE01
266,Influenza A(H3N2),18,2024,1,2024-SE01
266,Influenza A(não subtipada),16,2024,1,2024-SE01
266,Influenza B,4,2024,1,2024-SE01
266,Metapneumovírus,17,2024,1,2024-SE01
266,Outros vírus respiratórios,23,2024,1,2024-SE01
266,Parainfluenza,22,2024,1,2024-SE01
266,Rinovírus,79,2024,1,2024-SE01
266,SARS-CoV-2,512,2024,1,2024-SE01
266,VSR,98,2024,1,2024-SE01
267,Adenovírus,12,2024,2,2024-SE02
267,Bocavírus,1,2024,2,2024-SE02
267,Influenza A(H1N1)pdm09,6,2024,2,2024-SE02
267,Influenza A(H3N2),9,2024,2,2024-SE02
267,Influenza A(não subtipada),19,2024,2,2024-SE02
267,Influenza B,1,2024,2,2024-SE02
267,Metapneumovírus,13,2024,2,2024-SE02
267,Outros vírus respiratórios,17,2024,2,2024-SE02
267,Parainfluenza,12,2024,2,2024-SE02
267,Rinovírus,56,2024,2,2024-SE02
267,SARS-CoV-2,456,2024,2,2024-SE02
267,VSR,45,2024,2,2024-SE02
268,Adenovírus,13,2024,3,2024-SE03
268,Bocavírus,2,2024,3,2024-SE03
268,Influenza A(H1N1)pdm09,9,2024,3,2024-SE03
268,Influenza A(H3N2),6,2024,3,2024-SE03
268,Influenza A(não subtipada),27,2024,3,2024-SE03
268,Influenza B,2,2024,3,2024-SE03
268,Metapneumovírus,9,2024,3,2024-SE03
268,Outros vírus respiratórios,19,2024,3,2024-SE03
268,Parainfluenza,10,2024,3,2024-SE03
268,Rinovírus,47,2024,3,2024-SE03
268,SARS-CoV-2,422,2024,3,2024-SE03
268,VSR,71,2024,3,2024-SE03
269,Adenovírus,7,2024,4,2024-SE04
269,Bocavírus,2,2024,4,2024-SE04
269,Influenza A(H1N1)pdm09,9,2024,4,2024-SE04
269,Influenza A(H3N2),14,2024,4,2024-SE04
269,Influenza A(não subtipada),27,2024,4,2024-SE04
269,Influenza B,1,2024,4,2024-SE04
269,Metapneumovírus,8,2024,4,2024-SE04
269,Outros vírus respiratórios,8,2024,4,2024-SE04
269,Parainfluenza,11,2024,4,2024-SE04
269,Rinovírus,46,2024,4,2024-SE04
269,SARS-CoV-2,439,2024,4,2024-SE04
269,VSR,74,2024,4,2024-SE04
270,Adenovírus,8,2024,5,2024-SE05
270,Bocavírus,3,2024,5,2024-SE05
270,Influenza A(H1N1)pdm09,11,2024,5,2024-SE05
270,Influenza A(H3N2),8,2024,5,2024-SE05
270,Influenza A(não subtipada),28,2024,5,2024-SE05
270,Influenza B,5,2024,5,2024-SE05
270,Metapneumovírus,14,2024,5,2024-SE05
270,Outros vírus respiratórios,15,2024,5,2024-SE05
270,Parainfluenza,11,2024,5,2024-SE05
270,Rinovírus,70,2024,5,2024-SE05
270,SARS-CoV-2,590,2024,5,2024-SE05
270,VSR,113,2024,5,2024-SE05
271,Adenovírus,10,2024,6,2024-SE06
271,Bocavírus,2,2024,6,2024-SE06
271,Influenza A(H1N1)pdm09,15,2024,6,2024-SE06
271,Influenza A(H3N2),18,2024,6,2024-SE06
271,Influenza A(não subtipada),40,2024,6,2024-SE06
271,Influenza B,3,2024,6,2024-SE06
271,Metapneumovírus,5,2024,6,2024-SE06
271,Outros vírus respiratórios,14,2024,6,2024-SE06
271,Parainfluenza,13,2024,6,2024-SE06
271,Rinovírus,108,2024,6,2024-SE06
271,SARS-CoV-2,645,2024,6,2024-SE06
271,VSR,91,2024,6,2024-SE06
272,Adenovírus,20,2024,7,2024-SE07
272,Bocavírus,2,2024,7,2024-SE07
272,Influenza A(H1N1)pdm09,36,2024,7,2024-SE07
272,Influenza A(H3N2),35,2024,7,2024-SE07
272,Influenza A(não subtipada),56,2024,7,2024-SE07
272,Influenza B,1,2024,7,2024-SE07
272,Metapneumovírus,10,2024,7,2024-SE07
272,Outros vírus respiratórios,16,2024,7,2024-SE07
272,Parainfluenza,13,2024,7,2024-SE07
272,Rinovírus,154,2024,7,2024-SE07
272,SARS-CoV-2,783,2024,7,2024-SE07
272,VSR,141,2024,7,2024-SE07
273,Adenovírus,30,2024,8,2024-SE08
273,Bocavírus,1,2024,8,2024-SE08
273,Influenza A(H1N1)pdm09,48,2024,8,2024-SE08
273,Influenza A(H3N2),54,2024,8,2024-SE08
273,Influenza A(não subtipada),121,2024,8,2024-SE08
273,Influenza B,6,2024,8,2024-SE08
273,Metapneumovírus,8,2024,8,2024-SE08
273,Outros vírus respiratórios,22,2024,8,2024-SE08
273,Parainfluenza,22,2024,8,2024-SE08
273,Rinovírus,247,2024,8,2024-SE08
273,SARS-CoV-2,955,2024,8,2024-SE08
273,VSR,248,2024,8,2024-SE08
274,Adenovírus,33,2024,9,2024-SE09
274,Bocavírus,1,2024,9,2024-SE09
274,Influenza A(H1N1)pdm09,69,2024,9,2024-SE09
274,Influenza A(H3N2),39,2024,9,2024-SE09
274,Influenza A(não subtipada),135,2024,9,2024-SE09
274,Influenza B,5,2024,9,2024-SE09
274,Metapneumovírus,5,2024,9,2024-SE09
274,Outros vírus respiratórios,31,2024,9,2024-SE09
274,Parainfluenza,16,2024,9,2024-SE09
274,Rinovírus,344,2024,9,2024-SE09
274,SARS-CoV-2,814,2024,9,2024-SE09
274,VSR,411,2024,9,2024-SE09
275,Adenovírus,38,2024,10,2024-SE10
275,Bocavírus,2,2024,10,2024-SE10
275,Influenza A(H1N1)pdm09,55,2024,10,2024-SE10
275,Influenza A(H3N2),71,2024,10,2024-SE10
275,Influenza A(não subtipada),138,2024,10,2024-SE10
275,Influenza B,8,2024,10,2024-SE10
275,Metapneumovírus,5,2024,10,2024-SE10
275,Outros vírus respiratórios,48,2024,10,2024-SE10
275,Parainfluenza,18,2024,10,2024-SE10
275,Rinovírus,404,2024,10,2024-SE10
275,SARS-CoV-2,668,2024,10,2024-SE10
275,VSR,551,2024,10,2024-SE10
276,Adenovírus,57,2024,11,2024-SE11
276,Bocavírus,3,2024,11,2024-SE11
276,Influenza A(H1N1)pdm09,70,2024,11,2024-SE11
276,Influenza A(H3N2),68,2024,11,2024-SE11
276,Influenza A(não subtipada),162,2024,11,2024-SE11
276,Influenza B,10,2024,11,2024-SE11
276,Metapneumovírus,18,2024,11,2024-SE11
276,Outros vírus respiratórios,35,2024,11,2024-SE11
276,Parainfluenza,17,2024,11,2024-SE11
276,Rinovírus,425,2024,11,2024-SE11
276,SARS-CoV-2,512,2024,11,2024-SE11
276,VSR,822,2024,11,2024-SE11
277,Adenovírus,57,2024,12,2024-SE12
277,Bocavírus,4,2024,12,2024-SE12
277,Influenza A(H1N1)pdm09,83,2024,12,2024-SE12
277,Influenza A(H3N2),70,2024,12,2024-SE12
277,Influenza A(não subtipada),198,2024,12,2024-SE12
277,Influenza B,4,2024,12,2024-SE12
277,Metapneumovírus,8,2024,12,2024-SE12
277,Outros vírus respiratórios,40,2024,12,2024-SE12
277,Parainfluenza,11,2024,12,2024-SE12
277,Rinovírus,378,2024,12,2024-SE12
277,SARS-CoV-2,348,2024,12,2024-SE12
277,VSR,971,2024,12,2024-SE12
278,Adenovírus,68,2024,13,2024-SE13
278,Bocavírus,7,2024,13,2024-SE13
278,Influenza A(H1N1)pdm09,74,2024,13,2024-SE13
278,Influenza A(H3N2),87,2024,13,2024-SE13
278,Influenza A(não subtipada),199,2024,13,2024-SE13
278,Influenza B,6,2024,13,2024-SE13
278,Metapneumovírus,12,2024,13,2024-SE13
278,Outros vírus respiratórios,40,2024,13,2024-SE13
278,Parainfluenza,20,2024,13,2024-SE13
278,Rinovírus,368,2024,13,2024-SE13
278,SARS-CoV-2,250,2024,13,2024-SE13
278,VSR,1212,2024,13,2024-SE13
279,Adenovírus,82,2024,14,2024-SE14
279,Bocavírus,14,2024,14,2024-SE14
279,Influenza A(H1N1)pdm09,101,2024,14,2024-SE14
279,Influenza A(H3N2),117,2024,14,2024-SE14
279,Influenza A(não subtipada),318,2024,14,2024-SE14
279,Influenza B,13,2024,14,2024-SE14
279,Metapneumovírus,22,2024,14,2024-SE14
279,Outros vírus respiratórios,41,2024,14,2024-SE14
279,Parainfluenza,25,2024,14,2024-SE14
279,Rinovírus,479,2024,14,2024-SE14
279,SARS-CoV-2,220,2024,14,2024-SE14
279,VSR,1543,2024,14,2024-SE14
280,Adenovírus,96,2024,15,2024-SE15
280,Bocavírus,7,2024,15,2024-SE15
280,Influenza A(H1N1)pdm09,119,2024,15,2024-SE15
280,Influenza A(H3N2),151,2024,15,2024-SE15
280,Influenza A(não subtipada),363,2024,15,2024-SE15
280,Influenza B,11,2024,15,2024-SE15
280,Metapneumovírus,18,2024,15,2024-SE15
280,Outros vírus respiratórios,55,2024,15,2024-SE15
280,Parainfluenza,31,2024,15,2024-SE15
280,Rinovírus,492,2024,15,2024-SE15
280,SARS-CoV-2,195,2024,15,2024-SE15
280,VSR,1630,2024,15,2024-SE15
281,Adenovírus,82,2024,16,2024-SE16
281,Bocavírus,11,2024,16,2024-SE16
281,Influenza A(H1N1)pdm09,123,2024,16,2024-SE16
281,Influenza A(H3N2),202,2024,16,2024-SE16
281,Influenza A(não subtipada),385,2024,16,2024-SE16
281,Influenza B,11,2024,16,2024-SE16
281,Metapneumovírus,28,2024,16,2024-SE16
281,Outros vírus respiratórios,50,2024,16,2024-SE16
281,Parainfluenza,23,2024,16,2024-SE16
281,Rinovírus,530,2024,16,2024-SE16
281,SARS-CoV-2,137,2024,16,2024-SE16
281,VSR,1865,2024,16,2024-SE16
282,Adenovírus,77,2024,17,2024-SE17
282,Bocavírus,21,2024,17,2024-SE17
282,Influenza A(H1N1)pdm09,118,2024,17,2024-SE17
282,Influenza A(H3N2),190,2024,17,2024-SE17
282,Influenza A(não subtipada),382,2024,17,2024-SE17
282,Influenza B,6,2024,17,2024-SE17
282,Metapneumovírus,22,2024,17,2024-SE17
282,Outros vírus respiratórios,39,2024,17,2024-SE17
282,Parainfluenza,16,2024,17,2024-SE17
282,Rinovírus,524,2024,17,2024-SE17
282,SARS-CoV-2,126,2024,17,2024-SE17
282,VSR,1718,2024,17,2024-SE17
283,Adenovírus,72,2024,18,2024-SE18
283,Bocavírus,32,2024,18,2024-SE18
283,Influenza A(H1N1)pdm09,130,2024,18,2024-SE18
283,Influenza A(H3N2),189,2024,18,2024-SE18
283,Influenza A(não subtipada),369,2024,18,2024-SE18
283,Influenza B,7,2024,18,2024-SE18
283,Metapneumovírus,15,2024,18,2024-SE18
283,Outros vírus respiratórios,31,2024,18,2024-SE18
283,Parainfluenza,21,2024,18,2024-SE18
283,Rinovírus,498,2024,18,2024-SE18
283,SARS-CoV-2,116,2024,18,2024-SE18
283,VSR,1686,2024,18,2024-SE18
284,Adenovírus,90,2024,19,2024-SE19
284,Bocavírus,23,2024,19,2024-SE19
284,Influenza A(H1N1)pdm09,130,2024,19,2024-SE19
284,Influenza A(H3N2),158,2024,19,2024-SE19
284,Influenza A(não subtipada),285,2024,19,2024-SE19
284,Influenza B,10,2024,19,2024-SE19
284,Metapneumovírus,17,2024,19,2024-SE19
284,Outros vírus respiratórios,44,2024,19,2024-SE19
284,Parainfluenza,12,2024,19,2024-SE19
284,Rinovírus,512,2024,19,2024-SE19
284,SARS-CoV-2,92,2024,19,2024-SE19
284,VSR,1495,2024,19,2024-SE19
285,Adenovírus,109,2024,20,2024-SE20
285,Bocavírus,21,2024,20,2024-SE20
285,Influenza A(H1N1)pdm09,104,2024,20,2024-SE20
285,Influenza A(H3N2),155,2024,20,2024-SE20
285,Influenza A(não subtipada),253,2024,20,2024-SE20
285,Influenza B,8,2024,20,2024-SE20
285,Metapneumovírus,17,2024,20,2024-SE20
285,Outros vírus respiratórios,35,2024,20,2024-SE20
285,Parainfluenza,27,2024,20,2024-SE20
285,Rinovírus,568,2024,20,2024-SE20
285,SARS-CoV-2,105,2024,20,2024-SE20
285,VSR,1512,2024,20,2024-SE20
286,Adenovírus,114,2024,21,2024-SE21
286,Bocavírus,21,2024,21,2024-SE21
286,Influenza A(H1N1)pdm09,99,2024,21,2024-SE21
286,Influenza A(H3N2),146,2024,21,2024-SE21
286,Influenza A(não subtipada),239,2024,21,2024-SE21
286,Influenza B,8,2024,21,2024-SE21
286,Metapneumovírus,23,2024,21,2024-SE21
286,Outros vírus respiratórios,42,2024,21,2024-SE21
286,Parainfluenza,18,2024,21,2024-SE21
286,Rinovírus,603,2024,21,2024-SE21
286,SARS-CoV-2,112,2024,21,2024-SE21
286,VSR,1447,2024,21,2024-SE21
287,Adenovírus,92,2024,22,2024-SE22
287,Bocavírus,39,2024,22,2024-SE22
287,Influenza A(H1N1)pdm09,89,2024,22,2024-SE22
287,Influenza A(H3N2),143,2024,22,2024-SE22
287,Influenza A(não subtipada),203,2024,22,2024-SE22
287,Influenza B,18,2024,22,2024-SE22
287,Metapneumovírus,34,2024,22,2024-SE22
287,Outros vírus respiratórios,45,2024,22,2024-SE22
287,Parainfluenza,22,2024,22,2024-SE22
287,Rinovírus,656,2024,22,2024-SE22
287,SARS-CoV-2,115,2024,22,2024-SE22
287,VSR,1270,2024,22,2024-SE22
288,Adenovírus,101,2024,23,2024-SE23
288,Bocavírus,29,2024,23,2024-SE23
288,Influenza A(H1N1)pdm09,81,2024,23,2024-SE23
288,Influenza A(H3N2),152,2024,23,2024-SE23
288,Influenza A(não subtipada),212,2024,23,2024-SE23
288,Influenza B,14,2024,23,2024-SE23
288,Metapneumovírus,16,2024,23,2024-SE23
288,Outros vírus respiratórios,54,2024,23,2024-SE23
288,Parainfluenza,25,2024,23,2024-SE23
288,Rinovírus,713,2024,23,2024-SE23
288,SARS-CoV-2,129,2024,23,2024-SE23
288,VSR,1205,2024,23,2024-SE23
289,Adenovírus,98,2024,24,2024-SE24
289,Bocavírus,49,2024,24,2024-SE24
289,Influenza A(H1N1)pdm09,65,2024,24,2024-SE24
289,Influenza A(H3N2),111,2024,24,2024-SE24
289,Influenza A(não subtipada),219,2024,24,2024-SE24
289,Influenza B,13,2024,24,2024-SE24
289,Metapneumovírus,39,2024,24,2024-SE24
289,Outros vírus respiratórios,42,2024,24,2024-SE24
289,Parainfluenza,20,2024,24,2024-SE24
289,Rinovírus,811,2024,24,2024-SE24
289,SARS-CoV-2,138,2024,24,2024-SE24
289,VSR,998,2024,24,2024-SE24
290,Adenovírus,115,2024,25,2024-SE25
290,Bocavírus,48,2024,25,2024-SE25
290,Influenza A(H1N1)pdm09,71,2024,25,2024-SE25
290,Influenza A(H3N2),99,2024,25,2024-SE25
290,Influenza A(não subtipada),192,2024,25,2024-SE25
290,Influenza B,16,2024,25,2024-SE25
290,Metapneumovírus,39,2024,25,2024-SE25
290,Outros vírus respiratórios,61,2024,25,2024-SE25
290,Parainfluenza,33,2024,25,2024-SE25
290,Rinovírus,747,2024,25,2024-SE25
290,SARS-CoV-2,152,2024,25,2024-SE25
290,VSR,849,2024,25,2024-SE25
291,Adenovírus,93,2024,26,2024-SE26
291,Bocavírus,39,2024,26,2024-SE26
291,Influenza A(H1N1)pdm09,62,2024,26,2024-SE26
291,Influenza A(H3N2),96,2024,26,2024-SE26
291,Influenza A(não subtipada),172,2024,26,2024-SE26
291,Influenza B,18,2024,26,2024-SE26
291,Metapneumovírus,30,2024,26,2024-SE26
291,Outros vírus respiratórios,51,2024,26,2024-SE26
291,Parainfluenza,27,2024,26,2024-SE26
291,Rinovírus,651,2024,26,2024-SE26
291,SARS-CoV-2,147,2024,26,2024-SE26
291,VSR,714,2024,26,2024-SE26
292,Adenovírus,100,2024,27,2024-SE27
292,Bocavírus,37,2024,27,2024-SE27
292,Influenza A(H1N1)pdm09,109,2024,27,2024-SE27
292,Influenza A(H3N2),90,2024,27,2024-SE27
292,Influenza A(não subtipada),178,2024,27,2024-SE27
292,Influenza B,20,2024,27,2024-SE27
292,Metapneumovírus,51,2024,27,2024-SE27
292,Outros vírus respiratórios,62,2024,27,2024-SE27
292,Parainfluenza,31,2024,27,2024-SE27
292,Rinovírus,663,2024,27,2024-SE27
292,SARS-CoV-2,165,2024,27,2024-SE27
292,VSR,642,2024,27,2024-SE27
293,Adenovírus,78,2024,28,2024-SE28
293,Bocavírus,31,2024,28,2024-SE28
293,Influenza A(H1N1)pdm09,87,2024,28,2024-SE28
293,Influenza A(H3N2),65,2024,28,2024-SE28
293,Influenza A(não subtipada),142,2024,28,2024-SE28
293,Influenza B,13,2024,28,2024-SE28
293,Metapneumovírus,53,2024,28,2024-SE28
293,Outros vírus respiratórios,34,2024,28,2024-SE28
293,Parainfluenza,23,2024,28,2024-SE28
293,Rinovírus,540,2024,28,2024-SE28
293,SARS-CoV-2,170,2024,28,2024-SE28
293,VSR,482,2024,28,2024-SE28
294,Adenovírus,85,2024,29,2024-SE29
294,Bocavírus,26,2024,29,2024-SE29
294,Influenza A(H1N1)pdm09,81,2024,29,2024-SE29
294,Influenza A(H3N2),54,2024,29,2024-SE29
294,Influenza A(não subtipada),131,2024,29,2024-SE29
294,Influenza B,19,2024,29,2024-SE29
294,Metapneumovírus,44,2024,29,2024-SE29
294,Outros vírus respiratórios,49,2024,29,2024-SE29
294,Parainfluenza,28,2024,29,2024-SE29
294,Rinovírus,545,2024,29,2024-SE29
294,SARS-CoV-2,195,2024,29,2024-SE29
294,VSR,403,2024,29,2024-SE29
295,Adenovírus,57,2024,30,2024-SE30
295,Bocavírus,21,2024,30,2024-SE30
295,Influenza A(H1N1)pdm09,73,2024,30,2024-SE30
295,Influenza A(H3N2),43,2024,30,2024-SE30
295,Influenza A(não subtipada),112,2024,30,2024-SE30
295,Influenza B,29,2024,30,2024-SE30
295,Metapneumovírus,50,2024,30,2024-SE30
295,Outros vírus respiratórios,30,2024,30,2024-SE30
295,Parainfluenza,19,2024,30,2024-SE30
295,Rinovírus,454,2024,30,2024-SE30
295,SARS-CoV-2,199,2024,30,2024-SE30
295,VSR,324,2024,30,2024-SE30
296,Adenovírus,56,2024,31,2024-SE31
296,Bocavírus,21,2024,31,2024-SE31
296,Influenza A(H1N1)pdm09,62,2024,31,2024-SE31
296,Influenza A(H3N2),36,2024,31,2024-SE31
296,Influenza A(não subtipada),79,2024,31,2024-SE31
296,Influenza B,19,2024,31,2024-SE31
296,Metapneumovírus,62,2024,31,2024-SE31
296,Outros vírus respiratórios,34,2024,31,2024-SE31
296,Parainfluenza,23,2024,31,2024-SE31
296,Rinovírus,455,2024,31,2024-SE31
296,SARS-CoV-2,202,2024,31,2024-SE31
296,VSR,230,2024,31,2024-SE31
297,Adenovírus,71,2024,32,2024-SE32
297,Bocavírus,26,2024,32,2024-SE32
297,Influenza A(H1N1)pdm09,43,2024,32,2024-SE32
297,Influenza A(H3N2),21,2024,32,2024-SE32
297,Influenza A(não subtipada),69,2024,32,2024-SE32
297,Influenza B,18,2024,32,2024-SE32
297,Metapneumovírus,76,2024,32,2024-SE32
297,Outros vírus respiratórios,26,2024,32,2024-SE32
297,Parainfluenza,30,2024,32,2024-SE32
297,Rinovírus,573,2024,32,2024-SE32
297,SARS-CoV-2,270,2024,32,2024-SE32
297,VSR,166,2024,32,2024-SE32
298,Adenovírus,87,2024,33,2024-SE33
298,Bocavírus,9,2024,33,2024-SE33
298,Influenza A(H1N1)pdm09,72,2024,33,2024-SE33
298,Influenza A(H3N2),35,2024,33,2024-SE33
298,Influenza A(não subtipada),94,2024,33,2024-SE33
298,Influenza B,33,2024,33,2024-SE33
298,Metapneumovírus,97,2024,33,2024-SE33
298,Outros vírus respiratórios,31,2024,33,2024-SE33
298,Parainfluenza,23,2024,33,2024-SE33
298,Rinovírus,639,2024,33,2024-SE33
298,SARS-CoV-2,406,2024,33,2024-SE33
298,VSR,138,2024,33,2024-SE33
299,Adenovírus,89,2024,34,2024-SE34
299,Bocavírus,19,2024,34,2024-SE34
299,Influenza A(H1N1)pdm09,78,2024,34,2024-SE34
299,Influenza A(H3N2),26,2024,34,2024-SE34
299,Influenza A(não subtipada),107,2024,34,2024-SE34
299,Influenza B,66,2024,34,2024-SE34
299,Metapneumovírus,101,2024,34,2024-SE34
299,Outros vírus respiratórios,41,2024,34,2024-SE34
299,Parainfluenza,33,2024,34,2024-SE34
299,Rinovírus,691,2024,34,2024-SE34
299,SARS-CoV-2,476,2024,34,2024-SE34
299,VSR,128,2024,34,2024-SE34
300,Adenovírus,69,2024,35,2024-SE35
300,Bocavírus,16,2024,35,2024-SE35
300,Influenza A(H1N1)pdm09,68,2024,35,2024-SE35
300,Influenza A(H3N2),19,2024,35,2024-SE35
300,Influenza A(não subtipada),90,2024,35,2024-SE35
300,Influenza B,50,2024,35,2024-SE35
300,Metapneumovírus,83,2024,35,2024-SE35
300,Outros vírus respiratórios,43,2024,35,2024-SE35
300,Parainfluenza,38,2024,35,2024-SE35
300,Rinovírus,576,2024,35,2024-SE35
300,SARS-CoV-2,487,2024,35,2024-SE35
300,VSR,113,2024,35,2024-SE35
301,Adenovírus,98,2024,36,2024-SE36
301,Bocavírus,12,2024,36,2024-SE36
301,Influenza A(H1N1)pdm09,77,2024,36,2024-SE36
301,Influenza A(H3N2),27,2024,36,2024-SE36
301,Influenza A(não subtipada),96,2024,36,2024-SE36
301,Influenza B,78,2024,36,2024-SE36
301,Metapneumovírus,117,2024,36,2024-SE36
301,Outros vírus respiratórios,31,2024,36,2024-SE36
301,Parainfluenza,48,2024,36,2024-SE36
301,Rinovírus,608,2024,36,2024-SE36
301,SARS-CoV-2,542,2024,36,2024-SE36
301,VSR,103,2024,36,2024-SE36
302,Adenovírus,92,2024,37,2024-SE37
302,Bocavírus,18,2024,37,2024-SE37
302,Influenza A(H1N1)pdm09,63,2024,37,2024-SE37
302,Influenza A(H3N2),23,2024,37,2024-SE37
302,Influenza A(não subtipada),80,2024,37,2024-SE37
302,Influenza B,91,2024,37,2024-SE37
302,Metapneumovírus,100,2024,37,2024-SE37
302,Outros vírus respiratórios,34,2024,37,2024-SE37
302,Parainfluenza,36,2024,37,2024-SE37
302,Rinovírus,502,2024,37,2024-SE37
302,SARS-CoV-2,444,2024,37,2024-SE37
302,VSR,78,2024,37,2024-SE37
303,Adenovírus,109,2024,38,2024-SE38
303,Bocavírus,17,2024,38,2024-SE38
303,Influenza A(H1N1)pdm09,60,2024,38,2024-SE38
303,Influenza A(H3N2),15,2024,38,2024-SE38
303,Influenza A(não subtipada),96,2024,38,2024-SE38
303,Influenza B,98,2024,38,2024-SE38
303,Metapneumovírus,107,2024,38,2024-SE38
303,Outros vírus respiratórios,41,2024,38,2024-SE38
303,Parainfluenza,44,2024,38,2024-SE38
303,Rinovírus,477,2024,38,2024-SE38
303,SARS-CoV-2,401,2024,38,2024-SE38
303,VSR,67,2024,38,2024-SE38
304,Adenovírus,65,2024,39,2024-SE39
304,Bocavírus,6,2024,39,2024-SE39
304,Influenza A(H1N1)pdm09,38,2024,39,2024-SE39
304,Influenza A(H3N2),13,2024,39,2024-SE39
304,Influenza A(não subtipada),80,2024,39,2024-SE39
304,Influenza B,90,2024,39,2024-SE39
304,Metapneumovírus,99,2024,39,2024-SE39
304,Outros vírus respiratórios,38,2024,39,2024-SE39
304,Parainfluenza,43,2024,39,2024-SE39
304,Rinovírus,412,2024,39,2024-SE39
304,SARS-CoV-2,283,2024,39,2024-SE39
304,VSR,65,2024,39,2024-SE39
305,Adenovírus,77,2024,40,2024-SE40
305,Bocavírus,11,2024,40,2024-SE40
305,Influenza A(H1N1)pdm09,27,2024,40,2024-SE40
305,Influenza A(H3N2),19,2024,40,2024-SE40
305,Influenza A(não subtipada),81,2024,40,2024-SE40
305,Influenza B,95,2024,40,2024-SE40
305,Metapneumovírus,87,2024,40,2024-SE40
305,Outros vírus respiratórios,38,2024,40,2024-SE40
305,Parainfluenza,56,2024,40,2024-SE40
305,Rinovírus,378,2024,40,2024-SE40
305,SARS-CoV-2,251,2024,40,2024-SE40
305,VSR,43,2024,40,2024-SE40
306,Adenovírus,78,2024,41,2024-SE41
306,Bocavírus,7,2024,41,2024-SE41
306,Influenza A(H1N1)pdm09,30,2024,41,2024-SE41
306,Influenza A(H3N2),14,2024,41,2024-SE41
306,Influenza A(não subtipada),68,2024,41,2024-SE41
306,Influenza B,108,2024,41,2024-SE41
306,Metapneumovírus,68,2024,41,2024-SE41
306,Outros vírus respiratórios,27,2024,41,2024-SE41
306,Parainfluenza,35,2024,41,2024-SE41
306,Rinovírus,396,2024,41,2024-SE41
306,SARS-CoV-2,251,2024,41,2024-SE41
306,VSR,50,2024,41,2024-SE41
307,Adenovírus,77,2024,42,2024-SE42
307,Bocavírus,4,2024,42,2024-SE42
307,Influenza A(H1N1)pdm09,30,2024,42,2024-SE42
307,Influenza A(H3N2),9,2024,42,2024-SE42
307,Influenza A(não subtipada),58,2024,42,2024-SE42
307,Influenza B,111,2024,42,2024-SE42
307,Metapneumovírus,54,2024,42,2024-SE42
307,Outros vírus respiratórios,30,2024,42,2024-SE42
307,Parainfluenza,38,2024,42,2024-SE42
307,Rinovírus,438,2024,42,2024-SE42
307,SARS-CoV-2,214,2024,42,2024-SE42
307,VSR,44,2024,42,2024-SE42
308,Adenovírus,73,2024,43,2024-SE43
308,Bocavírus,6,2024,43,2024-SE43
308,Influenza A(H1N1)pdm09,23,2024,43,2024-SE43
308,Influenza A(H3N2),5,2024,43,2024-SE43
308,Influenza A(não subtipada),62,2024,43,2024-SE43
308,Influenza B,86,2024,43,2024-SE43
308,Metapneumovírus,63,2024,43,2024-SE43
308,Outros vírus respiratórios,36,2024,43,2024-SE43
308,Parainfluenza,36,2024,43,2024-SE43
308,Rinovírus,424,2024,43,2024-SE43
308,SARS-CoV-2,240,2024,43,2024-SE43
308,VSR,51,2024,43,2024-SE43
309,Adenovírus,71,2024,44,2024-SE44
309,Bocavírus,4,2024,44,2024-SE44
309,Influenza A(H1N1)pdm09,16,2024,44,2024-SE44
309,Influenza A(H3N2),10,2024,44,2024-SE44
309,Influenza A(não subtipada),52,2024,44,2024-SE44
309,Influenza B,102,2024,44,2024-SE44
309,Metapneumovírus,49,2024,44,2024-SE44
309,Outros vírus respiratórios,34,2024,44,2024-SE44
309,Parainfluenza,35,2024,44,2024-SE44
309,Rinovírus,460,2024,44,2024-SE44
309,SARS-CoV-2,239,2024,44,2024-SE44
309,VSR,49,2024,44,2024-SE44
310,Adenovírus,91,2024,45,2024-SE45
310,Bocavírus,4,2024,45,2024-SE45
310,Influenza A(H1N1)pdm09,21,2024,45,2024-SE45
310,Influenza A(H3N2),6,2024,45,2024-SE45
310,Influenza A(não subtipada),51,2024,45,2024-SE45
310,Influenza B,79,2024,45,2024-SE45
310,Metapneumovírus,37,2024,45,2024-SE45
310,Outros vírus respiratórios,37,2024,45,2024-SE45
310,Parainfluenza,34,2024,45,2024-SE45
310,Rinovírus,436,2024,45,2024-SE45
310,SARS-CoV-2,247,2024,45,2024-SE45
310,VSR,62,2024,45,2024-SE45
311,Adenovírus,76,2024,46,2024-SE46
311,Bocavírus,7,2024,46,2024-SE46
311,Influenza A(H1N1)pdm09,16,2024,46,2024-SE46
311,Influenza A(H3N2),4,2024,46,2024-SE46
311,Influenza A(não subtipada),38,2024,46,2024-SE46
311,Influenza B,72,2024,46,2024-SE46
311,Metapneumovírus,49,2024,46,2024-SE46
311,Outros vírus respiratórios,33,2024,46,2024-SE46
311,Parainfluenza,41,2024,46,2024-SE46
311,Rinovírus,475,2024,46,2024-SE46
311,SARS-CoV-2,278,2024,46,2024-SE46
311,VSR,54,2024,46,2024-SE46
312,Adenovírus,59,2024,47,2024-SE47
312,Bocavírus,5,2024,47,2024-SE47
312,Influenza A(H1N1)pdm09,19,2024,47,2024-SE47
312,Influenza A(H3N2),6,2024,47,2024-SE47
312,Influenza A(não subtipada),35,2024,47,2024-SE47
312,Influenza B,74,2024,47,2024-SE47
312,Metapneumovírus,55,2024,47,2024-SE47
312,Outros vírus respiratórios,27,2024,47,2024-SE47
312,Parainfluenza,37,2024,47,2024-SE47
312,Rinovírus,450,2024,47,2024-SE47
312,SARS-CoV-2,295,2024,47,2024-SE47
312,VSR,58,2024,47,2024-SE47
313,Adenovírus,50,2024,48,2024-SE48
313,Bocavírus,6,2024,48,2024-SE48
313,Influenza A(H1N1)pdm09,16,2024,48,2024-SE48
313,Influenza A(H3N2),4,2024,48,2024-SE48
313,Influenza A(não subtipada),40,2024,48,2024-SE48
313,Influenza B,68,2024,48,2024-SE48
313,Metapneumovírus,60,2024,48,2024-SE48
313,Outros vírus respiratórios,26,2024,48,2024-SE48
313,Parainfluenza,27,2024,48,2024-SE48
313,Rinovírus,388,2024,48,2024-SE48
313,SARS-CoV-2,334,2024,48,2024-SE48
313,VSR,80,2024,48,2024-SE48
314,Adenovírus,65,2024,49,2024-SE49
314,Bocavírus,8,2024,49,2024-SE49
314,Influenza A(H1N1)pdm09,13,2024,49,2024-SE49
314,Influenza A(H3N2),4,2024,49,2024-SE49
314,Influenza A(não subtipada),59,2024,49,2024-SE49
314,Influenza B,78,2024,49,2024-SE49
314,Metapneumovírus,69,2024,49,2024-SE49
314,Outros vírus respiratórios,38,2024,49,2024-SE49
314,Parainfluenza,39,2024,49,2024-SE49
314,Rinovírus,438,2024,49,2024-SE49
314,SARS-CoV-2,338,2024,49,2024-SE49
314,VSR,80,2024,49,2024-SE49
315,Adenovírus,59,2024,50,2024-SE50
315,Bocavírus,5,2024,50,2024-SE50
315,Influenza A(H1N1)pdm09,15,2024,50,2024-SE50
315,Influenza A(H3N2),6,2024,50,2024-SE50
315,Influenza A(não subtipada),39,2024,50,2024-SE50
315,Influenza B,56,2024,50,2024-SE50
315,Metapneumovírus,56,2024,50,2024-SE50
315,Outros vírus respiratórios,33,2024,50,2024-SE50
315,Parainfluenza,24,2024,50,2024-SE50
315,Rinovírus,406,2024,50,2024-SE50
315,SARS-CoV-2,378,2024,50,2024-SE50
315,VSR,115,2024,50,2024-SE50
316,Adenovírus,59,2024,51,2024-SE51
316,Bocavírus,7,2024,51,2024-SE51
316,Influenza A(H1N1)pdm09,12,2024,51,2024-SE51
316,Influenza A(H3N2),3,2024,51,2024-SE51
316,Influenza A(não subtipada),40,2024,51,2024-SE51
316,Influenza B,44,2024,51,2024-SE51
316,Metapneumovírus,39,2024,51,2024-SE51
316,Outros vírus respiratórios,20,2024,51,2024-SE51
316,Parainfluenza,20,2024,51,2024-SE51
316,Rinovírus,251,2024,51,2024-SE51
316,SARS-CoV-2,400,2024,51,2024-SE51
316,VSR,96,2024,51,2024-SE51
317,Adenovírus,42,2024,52,2024-SE52
317,Bocavírus,2,2024,52,2024-SE52
317,Influenza A(H1N1)pdm09,17,2024,52,2024-SE52
317,Influenza A(H3N2),9,2024,52,2024-SE52
317,Influenza A(não subtipada),31,2024,52,2024-SE52
317,Influenza B,33,2024,52,2024-SE52
317,Metapneumovírus,44,2024,52,2024-SE52
317,Outros vírus respiratórios,24,2024,52,2024-SE52
317,Parainfluenza,21,2024,52,2024-SE52
317,Rinovírus,226,2024,52,2024-SE52
317,SARS-CoV-2,392,2024,52,2024-SE52
317,VSR,95,2024,52,2024-SE52
319,Adenovírus,48,2025,1,2025-SE01
319,Bocavírus,4,2025,1,2025-SE01
319,Influenza A(H1N1)pdm09,17,2025,1,2025-SE01
319,Influenza A(H3N2),10,2025,1,2025-SE01
319,Influenza A(não subtipada),48,2025,1,2025-SE01
319,Influenza B,42,2025,1,2025-SE01
319,Metapneumovírus,64,2025,1,2025-SE01
319,Outros vírus respiratórios,24,2025,1,2025-SE01
319,Parainfluenza,24,2025,1,2025-SE01
319,Rinovírus,241,2025,1,2025-SE01
319,SARS-CoV-2,469,2025,1,2025-SE01
319,VSR,98,2025,1,2025-SE01
320,Adenovírus,35,2025,2,2025-SE02
320,Bocavírus,4,2025,2,2025-SE02
320,Influenza A(H1N1)pdm09,12,2025,2,2025-SE02
320,Influenza A(H3N2),3,2025,2,2025-SE02
320,Influenza A(não subtipada),27,2025,2,2025-SE02
320,Influenza B,27,2025,2,2025-SE02
320,Metapneumovírus,43,2025,2,2025-SE02
320,Outros vírus respiratórios,29,2025,2,2025-SE02
320,Parainfluenza,20,2025,2,2025-SE02
320,Rinovírus,188,2025,2,2025-SE02
320,SARS-CoV-2,464,2025,2,2025-SE02
320,VSR,82,2025,2,2025-SE02
321,Adenovírus,39,2025,3,2025-SE03
321,Bocavírus,3,2025,3,2025-SE03
321,Influenza A(H1N1)pdm09,16,2025,3,2025-SE03
321,Influenza A(H3N2),4,2025,3,2025-SE03
321,Influenza A(não subtipada),29,2025,3,2025-SE03
321,Influenza B,22,2025,3,2025-SE03
321,Metapneumovírus,31,2025,3,2025-SE03
321,Outros vírus respiratórios,39,2025,3,2025-SE03
321,Parainfluenza,23,2025,3,2025-SE03
321,Rinovírus,142,2025,3,2025-SE03
321,SARS-CoV-2,415,2025,3,2025-SE03
321,VSR,94,2025,3,2025-SE03
322,Adenovírus,30,2025,4,2025-SE04
322,Bocavírus,1,2025,4,2025-SE04
322,Influenza A(H1N1)pdm09,17,2025,4,2025-SE04
322,Influenza A(H3N2),3,2025,4,2025-SE04
322,Influenza A(não subtipada),27,2025,4,2025-SE04
322,Influenza B,16,2025,4,2025-SE04
322,Metapneumovírus,39,2025,4,2025-SE04
322,Outros vírus respiratórios,25,2025,4,2025-SE04
322,Parainfluenza,12,2025,4,2025-SE04
322,Rinovírus,144,2025,4,2025-SE04
322,SARS-CoV-2,376,2025,4,2025-SE04
322,VSR,82,2025,4,2025-SE04
323,Adenovírus,28,2025,5,2025-SE05
323,Bocavírus,0,2025,5,2025-SE05
323,Influenza A(H1N1)pdm09,13,2025,5,2025-SE05
323,Influenza A(H3N2),1,2025,5,2025-SE05
323,Influenza A(não subtipada),34,2025,5,2025-SE05
323,Influenza B,18,2025,5,2025-SE05
323,Metapneumovírus,19,2025,5,2025-SE05
323,Outros vírus respiratórios,36,2025,5,2025-SE05
323,Parainfluenza,10,2025,5,2025-SE05
323,Rinovírus,147,2025,5,2025-SE05
323,SARS-CoV-2,327,2025,5,2025-SE05
323,VSR,109,2025,5,2025-SE05
324,Adenovírus,31,2025,6,2025-SE06
324,Bocavírus,0,2025,6,2025-SE06
324,Influenza A(H1N1)pdm09,17,2025,6,2025-SE06
324,Influenza A(H3N2),4,2025,6,2025-SE06
324,Influenza A(não subtipada),32,2025,6,2025-SE06
324,Influenza B,12,2025,6,2025-SE06
324,Metapneumovírus,14,2025,6,2025-SE06
324,Outros vírus respiratórios,41,2025,6,2025-SE06
324,Parainfluenza,13,2025,6,2025-SE06
324,Rinovírus,192,2025,6,2025-SE06
324,SARS-CoV-2,351,2025,6,2025-SE06
324,VSR,130,2025,6,2025-SE06
325,Adenovírus,50,2025,7,2025-SE07
325,Bocavírus,3,2025,7,2025-SE07
325,Influenza A(H1N1)pdm09,26,2025,7,2025-SE07
325,Influenza A(H3N2),2,2025,7,2025-SE07
325,Influenza A(não subtipada),42,2025,7,2025-SE07
325,Influenza B,18,2025,7,2025-SE07
325,Metapneumovírus,14,2025,7,2025-SE07
325,Outros vírus respiratórios,46,2025,7,2025-SE07
325,Parainfluenza,19,2025,7,2025-SE07
325,Rinovírus,323,2025,7,2025-SE07
325,SARS-CoV-2,367,2025,7,2025-SE07
325,VSR,237,2025,7,2025-SE07
326,Adenovírus,70,2025,8,2025-SE08
326,Bocavírus,6,2025,8,2025-SE08
326,Influenza A(H1N1)pdm09,18,2025,8,2025-SE08
326,Influenza A(H3N2),4,2025,8,2025-SE08
326,Influenza A(não subtipada),28,2025,8,2025-SE08
326,Influenza B,17,2025,8,2025-SE08
326,Metapneumovírus,16,2025,8,2025-SE08
326,Outros vírus respiratórios,62,2025,8,2025-SE08
326,Parainfluenza,23,2025,8,2025-SE08
326,Rinovírus,489,2025,8,2025-SE08
326,SARS-CoV-2,387,2025,8,2025-SE08
326,VSR,289,2025,8,2025-SE08
327,Adenovírus,63,2025,9,2025-SE09
327,Bocavírus,4,2025,9,2025-SE09
327,Influenza A(H1N1)pdm09,18,2025,9,2025-SE09
327,Influenza A(H3N2),9,2025,9,2025-SE09
327,Influenza A(não subtipada),49,2025,9,2025-SE09
327,Influenza B,14,2025,9,2025-SE09
327,Metapneumovírus,18,2025,9,2025-SE09
327,Outros vírus respiratórios,64,2025,9,2025-SE09
327,Parainfluenza,21,2025,9,2025-SE09
327,Rinovírus,548,2025,9,2025-SE09
327,SARS-CoV-2,340,2025,9,2025-SE09
327,VSR,473,2025,9,2025-SE09
328,Adenovírus,74,2025,10,2025-SE10
328,Bocavírus,9,2025,10,2025-SE10
328,Influenza A(H1N1)pdm09,32,2025,10,2025-SE10
328,Influenza A(H3N2),3,2025,10,2025-SE10
328,Influenza A(não subtipada),59,2025,10,2025-SE10
328,Influenza B,26,2025,10,2025-SE10
328,Metapneumovírus,22,2025,10,2025-SE10
328,Outros vírus respiratórios,57,2025,10,2025-SE10
328,Parainfluenza,19,2025,10,2025-SE10
328,Rinovírus,541,2025,10,2025-SE10
328,SARS-CoV-2,270,2025,10,2025-SE10
328,VSR,586,2025,10,2025-SE10
329,Adenovírus,82,2025,11,2025-SE11
329,Bocavírus,3,2025,11,2025-SE11
329,Influenza A(H1N1)pdm09,48,2025,11,2025-SE11
329,Influenza A(H3N2),12,2025,11,2025-SE11
329,Influenza A(não subtipada),66,2025,11,2025-SE11
329,Influenza B,31,2025,11,2025-SE11
329,Metapneumovírus,25,2025,11,2025-SE11
329,Outros vírus respiratórios,48,2025,11,2025-SE11
329,Parainfluenza,19,2025,11,2025-SE11
329,Rinovírus,603,2025,11,2025-SE11
329,SARS-CoV-2,212,2025,11,2025-SE11
329,VSR,642,2025,11,2025-SE11
330,Adenovírus,135,2025,12,2025-SE12
330,Bocavírus,8,2025,12,2025-SE12
330,Influenza A(H1N1)pdm09,75,2025,12,2025-SE12
330,Influenza A(H3N2),8,2025,12,2025-SE12
330,Influenza A(não subtipada),100,2025,12,2025-SE12
330,Influenza B,23,2025,12,2025-SE12
330,Metapneumovírus,18,2025,12,2025-SE12
330,Outros vírus respiratórios,44,2025,12,2025-SE12
330,Parainfluenza,33,2025,12,2025-SE12
330,Rinovírus,642,2025,12,2025-SE12
330,SARS-CoV-2,163,2025,12,2025-SE12
330,VSR,938,2025,12,2025-SE12
331,Adenovírus,148,2025,13,2025-SE13
331,Bocavírus,10,2025,13,2025-SE13
331,Influenza A(H1N1)pdm09,122,2025,13,2025-SE13
331,Influenza A(H3N2),16,2025,13,2025-SE13
331,Influenza A(não subtipada),119,2025,13,2025-SE13
331,Influenza B,18,2025,13,2025-SE13
331,Metapneumovírus,21,2025,13,2025-SE13
331,Outros vírus respiratórios,76,2025,13,2025-SE13
331,Parainfluenza,28,2025,13,2025-SE13
331,Rinovírus,704,2025,13,2025-SE13
331,SARS-CoV-2,106,2025,13,2025-SE13
331,VSR,1198,2025,13,2025-SE13
332,Adenovírus,136,2025,14,2025-SE14
332,Bocavírus,12,2025,14,2025-SE14
332,Influenza A(H1N1)pdm09,216,2025,14,2025-SE14
332,Influenza A(H3N2),11,2025,14,2025-SE14
332,Influenza A(não subtipada),194,2025,14,2025-SE14
332,Influenza B,31,2025,14,2025-SE14
332,Metapneumovírus,17,2025,14,2025-SE14
332,Outros vírus respiratórios,64,2025,14,2025-SE14
332,Parainfluenza,31,2025,14,2025-SE14
332,Rinovírus,696,2025,14,2025-SE14
332,SARS-CoV-2,92,2025,14,2025-SE14
332,VSR,1522,2025,14,2025-SE14
333,Adenovírus,136,2025,15,2025-SE15
333,Bocavírus,11,2025,15,2025-SE15
333,Influenza A(H1N1)pdm09,265,2025,15,2025-SE15
333,Influenza A(H3N2),20,2025,15,2025-SE15
333,Influenza A(não subtipada),274,2025,15,2025-SE15
333,Influenza B,18,2025,15,2025-SE15
333,Metapneumovírus,20,2025,15,2025-SE15
333,Outros vírus respiratórios,43,2025,15,2025-SE15
333,Parainfluenza,32,2025,15,2025-SE15
333,Rinovírus,695,2025,15,2025-SE15
333,SARS-CoV-2,87,2025,15,2025-SE15
333,VSR,1708,2025,15,2025-SE15
334,Adenovírus,160,2025,16,2025-SE16
334,Bocavírus,20,2025,16,2025-SE16
334,Influenza A(H1N1)pdm09,371,2025,16,2025-SE16
334,Influenza A(H3N2),18,2025,16,2025-SE16
334,Influenza A(não subtipada),442,2025,16,2025-SE16
334,Influenza B,22,2025,16,2025-SE16
334,Metapneumovírus,23,2025,16,2025-SE16
334,Outros vírus respiratórios,40,2025,16,2025-SE16
334,Parainfluenza,26,2025,16,2025-SE16
334,Rinovírus,718,2025,16,2025-SE16
334,SARS-CoV-2,93,2025,16,2025-SE16
334,VSR,1882,2025,16,2025-SE16
335,Adenovírus,130,2025,17,2025-SE17
335,Bocavírus,20,2025,17,2025-SE17
335,Influenza A(H1N1)pdm09,484,2025,17,2025-SE17
335,Influenza A(H3N2),28,2025,17,2025-SE17
335,Influenza A(não subtipada),643,2025,17,2025-SE17
335,Influenza B,27,2025,17,2025-SE17
335,Metapneumovírus,14,2025,17,2025-SE17
335,Outros vírus respiratórios,40,2025,17,2025-SE17
335,Parainfluenza,26,2025,17,2025-SE17
335,Rinovírus,694,2025,17,2025-SE17
335,SARS-CoV-2,85,2025,17,2025-SE17
335,VSR,2133,2025,17,2025-SE17
336,Adenovírus,147,2025,18,2025-SE18
336,Bocavírus,14,2025,18,2025-SE18
336,Influenza A(H1N1)pdm09,743,2025,18,2025-SE18
336,Influenza A(H3N2),45,2025,18,2025-SE18
336,Influenza A(não subtipada),743,2025,18,2025-SE18
336,Influenza B,28,2025,18,2025-SE18
336,Metapneumovírus,36,2025,18,2025-SE18
336,Outros vírus respiratórios,53,2025,18,2025-SE18
336,Parainfluenza,10,2025,18,2025-SE18
336,Rinovírus,755,2025,18,2025-SE18
336,SARS-CoV-2,101,2025,18,2025-SE18
336,VSR,2493,2025,18,2025-SE18
337,Adenovírus,176,2025,19,2025-SE19
337,Bocavírus,22,2025,19,2025-SE19
337,Influenza A(H1N1)pdm09,891,2025,19,2025-SE19
337,Influenza A(H3N2),43,2025,19,2025-SE19
337,Influenza A(não subtipada),896,2025,19,2025-SE19
337,Influenza B,48,2025,19,2025-SE19
337,Metapneumovírus,24,2025,19,2025-SE19
337,Outros vírus respiratórios,56,2025,19,2025-SE19
337,Parainfluenza,19,2025,19,2025-SE19
337,Rinovírus,906,2025,19,2025-SE19
337,SARS-CoV-2,109,2025,19,2025-SE19
337,VSR,2699,2025,19,2025-SE19
338,Adenovírus,190,2025,20,2025-SE20
338,Bocavírus,14,2025,20,2025-SE20
338,Influenza A(H1N1)pdm09,1020,2025,20,2025-SE20
338,Influenza A(H3N2),72,2025,20,2025-SE20
338,Influenza A(não subtipada),1074,2025,20,2025-SE20
338,Influenza B,44,2025,20,2025-SE20
338,Metapneumovírus,37,2025,20,2025-SE20
338,Outros vírus respiratórios,76,2025,20,2025-SE20
338,Parainfluenza,28,2025,20,2025-SE20
338,Rinovírus,1061,2025,20,2025-SE20
338,SARS-CoV-2,101,2025,20,2025-SE20
338,VSR,2750,2025,20,2025-SE20
339,Adenovírus,198,2025,21,2025-SE21
339,Bocavírus,19,2025,21,2025-SE21
339,Influenza A(H1N1)pdm09,1061,2025,21,2025-SE21
339,Influenza A(H3N2),71,2025,21,2025-SE21
339,Influenza A(não subtipada),1196,2025,21,2025-SE21
339,Influenza B,47,2025,21,2025-SE21
339,Metapneumovírus,54,2025,21,2025-SE21
339,Outros vírus respiratórios,79,2025,21,2025-SE21
339,Parainfluenza,13,2025,21,2025-SE21
339,Rinovírus,1077,2025,21,2025-SE21
339,SARS-CoV-2,89,2025,21,2025-SE21
339,VSR,2655,2025,21,2025-SE21
340,Adenovírus,202,2025,22,2025-SE22
340,Bocavírus,11,2025,22,2025-SE22
340,Influenza A(H1N1)pdm09,954,2025,22,2025-SE22
340,Influenza A(H3N2),63,2025,22,2025-SE22
340,Influenza A(não subtipada),1067,2025,22,2025-SE22
340,Influenza B,48,2025,22,2025-SE22
340,Metapneumovírus,44,2025,22,2025-SE22
340,Outros vírus respiratórios,51,2025,22,2025-SE22
340,Parainfluenza,10,2025,22,2025-SE22
340,Rinovírus,1135,2025,22,2025-SE22
340,SARS-CoV-2,91,2025,22,2025-SE22
340,VSR,2446,2025,22,2025-SE22
341,Adenovírus,218,2025,23,2025-SE23
341,Bocavírus,17,2025,23,2025-SE23
341,Influenza A(H1N1)pdm09,892,2025,23,2025-SE23
341,Influenza A(H3N2),61,2025,23,2025-SE23
341,Influenza A(não subtipada),975,2025,23,2025-SE23
341,Influenza B,48,2025,23,2025-SE23
341,Metapneumovírus,69,2025,23,2025-SE23
341,Outros vírus respiratórios,56,2025,23,2025-SE23
341,Parainfluenza,6,2025,23,2025-SE23
341,Rinovírus,1253,2025,23,2025-SE23
341,SARS-CoV-2,93,2025,23,2025-SE23
341,VSR,2610,2025,23,2025-SE23
342,Adenovírus,190,2025,24,2025-SE24
342,Bocavírus,11,2025,24,2025-SE24
342,Influenza A(H1N1)pdm09,688,2025,24,2025-SE24
342,Influenza A(H3N2),48,2025,24,2025-SE24
342,Influenza A(não subtipada),733,2025,24,2025-SE24
342,Influenza B,44,2025,24,2025-SE24
342,Metapneumovírus,58,2025,24,2025-SE24
342,Outros vírus respiratórios,43,2025,24,2025-SE24
342,Parainfluenza,9,2025,24,2025-SE24
342,Rinovírus,1095,2025,24,2025-SE24
342,SARS-CoV-2,92,2025,24,2025-SE24
342,VSR,2315,2025,24,2025-SE24
343,Adenovírus,197,2025,25,2025-SE25
343,Bocavírus,7,2025,25,2025-SE25
343,Influenza A(H1N1)pdm09,488,2025,25,2025-SE25
343,Influenza A(H3N2),41,2025,25,2025-SE25
343,Influenza A(não subtipada),599,2025,25,2025-SE25
343,Influenza B,46,2025,25,2025-SE25
343,Metapneumovírus,62,2025,25,2025-SE25
343,Outros vírus respiratórios,42,2025,25,2025-SE25
343,Parainfluenza,6,2025,25,2025-SE25
343,Rinovírus,1037,2025,25,2025-SE25
343,SARS-CoV-2,88,2025,25,2025-SE25
343,VSR,2158,2025,25,2025-SE25
344,Adenovírus,156,2025,26,2025-SE26
344,Bocavírus,5,2025,26,2025-SE26
344,Influenza A(H1N1)pdm09,318,2025,26,2025-SE26
344,Influenza A(H3N2),56,2025,26,2025-SE26
344,Influenza A(não subtipada),404,2025,26,2025-SE26
344,Influenza B,45,2025,26,2025-SE26
344,Metapneumovírus,62,2025,26,2025-SE26
344,Outros vírus respiratórios,58,2025,26,2025-SE26
344,Parainfluenza,8,2025,26,2025-SE26
344,Rinovírus,978,2025,26,2025-SE26
344,SARS-CoV-2,87,2025,26,2025-SE26
344,VSR,1834,2025,26,2025-SE26
345,Adenovírus,186,2025,27,2025-SE27
345,Bocavírus,17,2025,27,2025-SE27
345,Influenza A(H1N1)pdm09,227,2025,27,2025-SE27
345,Influenza A(H3N2),43,2025,27,2025-SE27
345,Influenza A(não subtipada),316,2025,27,2025-SE27
345,Influenza B,45,2025,27,2025-SE27
345,Metapneumovírus,71,2025,27,2025-SE27
345,Outros vírus respiratórios,52,2025,27,2025-SE27
345,Parainfluenza,14,2025,27,2025-SE27
345,Rinovírus,1021,2025,27,2025-SE27
345,SARS-CoV-2,100,2025,27,2025-SE27
345,VSR,1618,2025,27,2025-SE27
346,Adenovírus,185,2025,28,2025-SE28
346,Bocavírus,14,2025,28,2025-SE28
346,Influenza A(H1N1)pdm09,160,2025,28,2025-SE28
346,Influenza A(H3N2),43,2025,28,2025-SE28
346,Influenza A(não subtipada),244,2025,28,2025-SE28
346,Influenza B,42,2025,28,2025-SE28
346,Metapneumovírus,107,2025,28,2025-SE28
346,Outros vírus respiratórios,42,2025,28,2025-SE28
346,Parainfluenza,6,2025,28,2025-SE28
346,Rinovírus,1081,2025,28,2025-SE28
346,SARS-CoV-2,114,2025,28,2025-SE28
346,VSR,1406,2025,28,2025-SE28
347,Adenovírus,160,2025,29,2025-SE29
347,Bocavírus,10,2025,29,2025-SE29
347,Influenza A(H1N1)pdm09,100,2025,29,2025-SE29
347,Influenza A(H3N2),39,2025,29,2025-SE29
347,Influenza A(não subtipada),161,2025,29,2025-SE29
347,Influenza B,33,2025,29,2025-SE29
347,Metapneumovírus,88,2025,29,2025-SE29
347,Outros vírus respiratórios,37,2025,29,2025-SE29
347,Parainfluenza,8,2025,29,2025-SE29
347,Rinovírus,981,2025,29,2025-SE29
347,SARS-CoV-2,143,2025,29,2025-SE29
347,VSR,1137,2025,29,2025-SE29
348,Adenovírus,143,2025,30,2025-SE30
348,Bocavírus,12,2025,30,2025-SE30
348,Influenza A(H1N1)pdm09,58,2025,30,2025-SE30
348,Influenza A(H3N2),22,2025,30,2025-SE30
348,Influenza A(não subtipada),124,2025,30,2025-SE30
348,Influenza B,32,2025,30,2025-SE30
348,Metapneumovírus,99,2025,30,2025-SE30
348,Outros vírus respiratórios,30,2025,30,2025-SE30
348,Parainfluenza,3,2025,30,2025-SE30
348,Rinovírus,933,2025,30,2025-SE30
348,SARS-CoV-2,180,2025,30,2025-SE30
348,VSR,908,2025,30,2025-SE30
349,Adenovírus,130,2025,31,2025-SE31
349,Bocavírus,7,2025,31,2025-SE31
349,Influenza A(H1N1)pdm09,39,2025,31,2025-SE31
349,Influenza A(H3N2),20,2025,31,2025-SE31
349,Influenza A(não subtipada),73,2025,31,2025-SE31
349,Influenza B,28,2025,31,2025-SE31
349,Metapneumovírus,130,2025,31,2025-SE31
349,Outros vírus respiratórios,27,2025,31,2025-SE31
349,Parainfluenza,7,2025,31,2025-SE31
349,Rinovírus,790,2025,31,2025-SE31
349,SARS-CoV-2,174,2025,31,2025-SE31
349,VSR,688,2025,31,2025-SE31
350,Adenovírus,139,2025,32,2025-SE32
350,Bocavírus,8,2025,32,2025-SE32
350,Influenza A(H1N1)pdm09,19,2025,32,2025-SE32
350,Influenza A(H3N2),28,2025,32,2025-SE32
350,Influenza A(não subtipada),82,2025,32,2025-SE32
350,Influenza B,23,2025,32,2025-SE32
350,Metapneumovírus,102,2025,32,2025-SE32
350,Outros vírus respiratórios,37,2025,32,2025-SE32
350,Parainfluenza,6,2025,32,2025-SE32
350,Rinovírus,827,2025,32,2025-SE32
350,SARS-CoV-2,216,2025,32,2025-SE32
350,VSR,510,2025,32,2025-SE32
351,Adenovírus,161,2025,33,2025-SE33
351,Bocavírus,5,2025,33,2025-SE33
351,Influenza A(H1N1)pdm09,21,2025,33,2025-SE33
351,Influenza A(H3N2),38,2025,33,2025-SE33
351,Influenza A(não subtipada),81,2025,33,2025-SE33
351,Influenza B,31,2025,33,2025-SE33
351,Metapneumovírus,105,2025,33,2025-SE33
351,Outros vírus respiratórios,40,2025,33,2025-SE33
351,Parainfluenza,5,2025,33,2025-SE33
351,Rinovírus,1026,2025,33,2025-SE33
351,SARS-CoV-2,265,2025,33,2025-SE33
351,VSR,455,2025,33,2025-SE33
352,Adenovírus,186,2025,34,2025-SE34
352,Bocavírus,10,2025,34,2025-SE34
352,Influenza A(H1N1)pdm09,10,2025,34,2025-SE34
352,Influenza A(H3N2),45,2025,34,2025-SE34
352,Influenza A(não subtipada),80,2025,34,2025-SE34
352,Influenza B,35,2025,34,2025-SE34
352,Metapneumovírus,122,2025,34,2025-SE34
352,Outros vírus respiratórios,48,2025,34,2025-SE34
352,Parainfluenza,16,2025,34,2025-SE34
352,Rinovírus,1015,2025,34,2025-SE34
352,SARS-CoV-2,312,2025,34,2025-SE34
352,VSR,386,2025,34,2025-SE34
353,Adenovírus,175,2025,35,2025-SE35
353,Bocavírus,10,2025,35,2025-SE35
353,Influenza A(H1N1)pdm09,6,2025,35,2025-SE35
353,Influenza A(H3N2),78,2025,35,2025-SE35
353,Influenza A(não subtipada),111,2025,35,2025-SE35
353,Influenza B,23,2025,35,2025-SE35
353,Metapneumovírus,131,2025,35,2025-SE35
353,Outros vírus respiratórios,41,2025,35,2025-SE35
353,Parainfluenza,14,2025,35,2025-SE35
353,Rinovírus,845,2025,35,2025-SE35
353,SARS-CoV-2,316,2025,35,2025-SE35
353,VSR,304,2025,35,2025-SE35
354,Adenovírus,162,2025,36,2025-SE36
354,Bocavírus,11,2025,36,2025-SE36
354,Influenza A(H1N1)pdm09,5,2025,36,2025-SE36
354,Influenza A(H3N2),97,2025,36,2025-SE36
354,Influenza A(não subtipada),115,2025,36,2025-SE36
354,Influenza B,34,2025,36,2025-SE36
354,Metapneumovírus,168,2025,36,2025-SE36
354,Outros vírus respiratórios,41,2025,36,2025-SE36
354,Parainfluenza,12,2025,36,2025-SE36
354,Rinovírus,804,2025,36,2025-SE36
354,SARS-CoV-2,289,2025,36,2025-SE36
354,VSR,257,2025,36,2025-SE36
355,Adenovírus,176,2025,37,2025-SE37
355,Bocavírus,10,2025,37,2025-SE37
355,Influenza A(H1N1)pdm09,6,2025,37,2025-SE37
355,Influenza A(H3N2),93,2025,37,2025-SE37
355,Influenza A(não subtipada),144,2025,37,2025-SE37
355,Influenza B,33,2025,37,2025-SE37
355,Metapneumovírus,197,2025,37,2025-SE37
355,Outros vírus respiratórios,40,2025,37,2025-SE37
355,Parainfluenza,19,2025,37,2025-SE37
355,Rinovírus,844,2025,37,2025-SE37
355,SARS-CoV-2,265,2025,37,2025-SE37
355,VSR,234,2025,37,2025-SE37
356,Adenovírus,167,2025,38,2025-SE38
356,Bocavírus,8,2025,38,2025-SE38
356,Influenza A(H1N1)pdm09,8,2025,38,2025-SE38
356,Influenza A(H3N2),131,2025,38,2025-SE38
356,Influenza A(não subtipada),188,2025,38,2025-SE38
356,Influenza B,38,2025,38,2025-SE38
356,Metapneumovírus,197,2025,38,2025-SE38
356,Outros vírus respiratórios,37,2025,38,2025-SE38
356,Parainfluenza,14,2025,38,2025-SE38
356,Rinovírus,742,2025,38,2025-SE38
356,SARS-CoV-2,290,2025,38,2025-SE38
356,VSR,183,2025,38,2025-SE38
357,Adenovírus,156,2025,39,2025-SE39
357,Bocavírus,14,2025,39,2025-SE39
357,Influenza A(H1N1)pdm09,9,2025,39,2025-SE39
357,Influenza A(H3N2),107,2025,39,2025-SE39
357,Influenza A(não subtipada),149,2025,39,2025-SE39
357,Influenza B,27,2025,39,2025-SE39
357,Metapneumovírus,226,2025,39,2025-SE39
357,Outros vírus respiratórios,36,2025,39,2025-SE39
357,Parainfluenza,19,2025,39,2025-SE39
357,Rinovírus,664,2025,39,2025-SE39
357,SARS-CoV-2,243,2025,39,2025-SE39
357,VSR,131,2025,39,2025-SE39
358,Adenovírus,179,2025,40,2025-SE40
358,Bocavírus,11,2025,40,2025-SE40
358,Influenza A(H1N1)pdm09,7,2025,40,2025-SE40
358,Influenza A(H3N2),120,2025,40,2025-SE40
358,Influenza A(não subtipada),201,2025,40,2025-SE40
358,Influenza B,23,2025,40,2025-SE40
358,Metapneumovírus,254,2025,40,2025-SE40
358,Outros vírus respiratórios,36,2025,40,2025-SE40
358,Parainfluenza,27,2025,40,2025-SE40
358,Rinovírus,720,2025,40,2025-SE40
358,SARS-CoV-2,259,2025,40,2025-SE40
358,VSR,126,2025,40,2025-SE40
359,Adenovírus,175,2025,41,2025-SE41
359,Bocavírus,10,2025,41,2025-SE41
359,Influenza A(H1N1)pdm09,10,2025,41,2025-SE41
359,Influenza A(H3N2),124,2025,41,2025-SE41
359,Influenza A(não subtipada),189,2025,41,2025-SE41
359,Influenza B,20,2025,41,2025-SE41
359,Metapneumovírus,222,2025,41,2025-SE41
359,Outros vírus respiratórios,33,2025,41,2025-SE41
359,Parainfluenza,35,2025,41,2025-SE41
359,Rinovírus,692,2025,41,2025-SE41
359,SARS-CoV-2,219,2025,41,2025-SE41
359,VSR,112,2025,41,2025-SE41
360,Adenovírus,188,2025,42,2025-SE42
360,Bocavírus,3,2025,42,2025-SE42
360,Influenza A(H1N1)pdm09,7,2025,42,2025-SE42
360,Influenza A(H3N2),135,2025,42,2025-SE42
360,Influenza A(não subtipada),246,2025,42,2025-SE42
360,Influenza B,21,2025,42,2025-SE42
360,Metapneumovírus,249,2025,42,2025-SE42
360,Outros vírus respiratórios,29,2025,42,2025-SE42
360,Parainfluenza,23,2025,42,2025-SE42
360,Rinovírus,689,2025,42,2025-SE42
360,SARS-CoV-2,230,2025,42,2025-SE42
360,VSR,101,2025,42,2025-SE42
361,Adenovírus,177,2025,43,2025-SE43
361,Bocavírus,7,2025,43,2025-SE43
361,Influenza A(H1N1)pdm09,9,2025,43,2025-SE43
361,Influenza A(H3N2),135,2025,43,2025-SE43
361,Influenza A(não subtipada),210,2025,43,2025-SE43
361,Influenza B,24,2025,43,2025-SE43
361,Metapneumovírus,249,2025,43,2025-SE43
361,Outros vírus respiratórios,26,2025,43,2025-SE43
361,Parainfluenza,29,2025,43,2025-SE43
361,Rinovírus,659,2025,43,2025-SE43
361,SARS-CoV-2,226,2025,43,2025-SE43
361,VSR,91,2025,43,2025-SE43
362,Adenovírus,179,2025,44,2025-SE44
362,Bocavírus,13,2025,44,2025-SE44
362,Influenza A(H1N1)pdm09,9,2025,44,2025-SE44
362,Influenza A(H3N2),129,2025,44,2025-SE44
362,Influenza A(não subtipada),256,2025,44,2025-SE44
362,Influenza B,29,2025,44,2025-SE44
362,Metapneumovírus,238,2025,44,2025-SE44
362,Outros vírus respiratórios,26,2025,44,2025-SE44
362,Parainfluenza,34,2025,44,2025-SE44
362,Rinovírus,684,2025,44,2025-SE44
362,SARS-CoV-2,227,2025,44,2025-SE44
362,VSR,85,2025,44,2025-SE44
363,Adenovírus,146,2025,45,2025-SE45
363,Bocavírus,3,2025,45,2025-SE45
363,Influenza A(H1N1)pdm09,11,2025,45,2025-SE45
363,Influenza A(H3N2),113,2025,45,2025-SE45
363,Influenza A(não subtipada),203,2025,45,2025-SE45
363,Influenza B,31,2025,45,2025-SE45
363,Metapneumovírus,212,2025,45,2025-SE45
363,Outros vírus respiratórios,30,2025,45,2025-SE45
363,Parainfluenza,20,2025,45,2025-SE45
363,Rinovírus,577,2025,45,2025-SE45
363,SARS-CoV-2,208,2025,45,2025-SE45
363,VSR,85,2025,45,2025-SE45
364,Adenovírus,183,2025,46,2025-SE46
364,Bocavírus,5,2025,46,2025-SE46
364,Influenza A(H1N1)pdm09,15,2025,46,2025-SE46
364,Influenza A(H3N2),137,2025,46,2025-SE46
364,Influenza A(não subtipada),201,2025,46,2025-SE46
364,Influenza B,38,2025,46,2025-SE46
364,Metapneumovírus,222,2025,46,2025-SE46
364,Outros vírus respiratórios,32,2025,46,2025-SE46
364,Parainfluenza,34,2025,46,2025-SE46
364,Rinovírus,622,2025,46,2025-SE46
364,SARS-CoV-2,196,2025,46,2025-SE46
364,VSR,62,2025,46,2025-SE46
365,Adenovírus,182,2025,47,2025-SE47
365,Bocavírus,5,2025,47,2025-SE47
365,Influenza A(H1N1)pdm09,8,2025,47,2025-SE47
365,Influenza A(H3N2),99,2025,47,2025-SE47
365,Influenza A(não subtipada),156,2025,47,2025-SE47
365,Influenza B,25,2025,47,2025-SE47
365,Metapneumovírus,247,2025,47,2025-SE47
365,Outros vírus respiratórios,24,2025,47,2025-SE47
365,Parainfluenza,28,2025,47,2025-SE47
365,Rinovírus,652,2025,47,2025-SE47
365,SARS-CoV-2,152,2025,47,2025-SE47
365,VSR,71,2025,47,2025-SE47
366,Adenovírus,133,2025,48,2025-SE48
366,Bocavírus,5,2025,48,2025-SE48
366,Influenza A(H1N1)pdm09,16,2025,48,2025-SE48
366,Influenza A(H3N2),78,2025,48,2025-SE48
366,Influenza A(não subtipada),156,2025,48,2025-SE48
366,Influenza B,29,2025,48,2025-SE48
366,Metapneumovírus,205,2025,48,2025-SE48
366,Outros vírus respiratórios,25,2025,48,2025-SE48
366,Parainfluenza,32,2025,48,2025-SE48
366,Rinovírus,551,2025,48,2025-SE48
366,SARS-CoV-2,144,2025,48,2025-SE48
366,VSR,64,2025,48,2025-SE48
367,Adenovírus,115,2025,49,2025-SE49
367,Bocavírus,3,2025,49,2025-SE49
367,Influenza A(H1N1)pdm09,9,2025,49,2025-SE49
367,Influenza A(H3N2),83,2025,49,2025-SE49
367,Influenza A(não subtipada),124,2025,49,2025-SE49
367,Influenza B,31,2025,49,2025-SE49
367,Metapneumovírus,215,2025,49,2025-SE49
367,Outros vírus respiratórios,17,2025,49,2025-SE49
367,Parainfluenza,29,2025,49,2025-SE49
367,Rinovírus,544,2025,49,2025-SE49
367,SARS-CoV-2,149,2025,49,2025-SE49
367,VSR,66,2025,49,2025-SE49
368,Adenovírus,107,2025,50,2025-SE50
368,Bocavírus,4,2025,50,2025-SE50
368,Influenza A(H1N1)pdm09,14,2025,50,2025-SE50
368,Influenza A(H3N2),85,2025,50,2025-SE50
368,Influenza A(não subtipada),113,2025,50,2025-SE50
368,Influenza B,24,2025,50,2025-SE50
368,Metapneumovírus,206,2025,50,2025-SE50
368,Outros vírus respiratórios,20,2025,50,2025-SE50
368,Parainfluenza,22,2025,50,2025-SE50
368,Rinovírus,495,2025,50,2025-SE50
368,SARS-CoV-2,159,2025,50,2025-SE50
368,VSR,62,2025,50,2025-SE50
369,Adenovírus,87,2025,51,2025-SE51
369,Bocavírus,6,2025,51,2025-SE51
369,Influenza A(H1N1)pdm09,10,2025,51,2025-SE51
369,Influenza A(H3N2),73,2025,51,2025-SE51
369,Influenza A(não subtipada),113,2025,51,2025-SE51
369,Influenza B,27,2025,51,2025-SE51
369,Metapneumovírus,171,2025,51,2025-SE51
369,Outros vírus respiratórios,22,2025,51,2025-SE51
369,Parainfluenza,18,2025,51,2025-SE51
369,Rinovírus,388,2025,51,2025-SE51
369,SARS-CoV-2,110,2025,51,2025-SE51
369,VSR,51,2025,51,2025-SE51
370,Adenovírus,56,2025,52,2025-SE52
370,Bocavírus,3,2025,52,2025-SE52
370,Influenza A(H1N1)pdm09,6,2025,52,2025-SE52
370,Influenza A(H3N2),39,2025,52,2025-SE52
370,Influenza A(não subtipada),69,2025,52,2025-SE52
370,Influenza B,20,2025,52,2025-SE52
370,Metapneumovírus,115,2025,52,2025-SE52
370,Outros vírus respiratórios,15,2025,52,2025-SE52
370,Parainfluenza,16,2025,52,2025-SE52
370,Rinovírus,267,2025,52,2025-SE52
370,SARS-CoV-2,122,2025,52,2025-SE52
370,VSR,49,2025,52,2025-SE52
371,Adenovírus,70,2025,53,2025-SE53
371,Bocavírus,3,2025,53,2025-SE53
371,Influenza A(H1N1)pdm09,9,2025,53,2025-SE53
371,Influenza A(H3N2),39,2025,53,2025-SE53
371,Influenza A(não subtipada),78,2025,53,2025-SE53
371,Influenza B,23,2025,53,2025-SE53
371,Metapneumovírus,103,2025,53,2025-SE53
371,Outros vírus respiratórios,21,2025,53,2025-SE53
371,Parainfluenza,15,2025,53,2025-SE53
371,Rinovírus,259,2025,53,2025-SE53
371,SARS-CoV-2,146,2025,53,2025-SE53
371,VSR,67,2025,53,2025-SE53
372,Adenovírus,58,2026,1,2026-SE01
372,Bocavírus,5,2026,1,2026-SE01
372,Influenza A(H1N1)pdm09,9,2026,1,2026-SE01
372,Influenza A(H3N2),64,2026,1,2026-SE01
372,Influenza A(não subtipada),63,2026,1,2026-SE01
372,Influenza B,12,2026,1,2026-SE01
372,Metapneumovírus,106,2026,1,2026-SE01
372,Outros vírus respiratórios,25,2026,1,2026-SE01
372,Parainfluenza,25,2026,1,2026-SE01
372,Rinovírus,256,2026,1,2026-SE01
372,SARS-CoV-2,147,2026,1,2026-SE01
372,VSR,90,2026,1,2026-SE01
373,Adenovírus,40,2026,2,2026-SE02
373,Bocavírus,1,2026,2,2026-SE02
373,Influenza A(H1N1)pdm09,10,2026,2,2026-SE02
373,Influenza A(H3N2),54,2026,2,2026-SE02
373,Influenza A(não subtipada),50,2026,2,2026-SE02
373,Influenza B,14,2026,2,2026-SE02
373,Metapneumovírus,68,2026,2,2026-SE02
373,Outros vírus respiratórios,17,2026,2,2026-SE02
373,Parainfluenza,19,2026,2,2026-SE02
373,Rinovírus,217,2026,2,2026-SE02
373,SARS-CoV-2,142,2026,2,2026-SE02
373,VSR,72,2026,2,2026-SE02
374,Adenovírus,51,2026,3,2026-SE03
374,Bocavírus,4,2026,3,2026-SE03
374,Influenza A(H1N1)pdm09,12,2026,3,2026-SE03
374,Influenza A(H3N2),42,2026,3,2026-SE03
374,Influenza A(não subtipada),58,2026,3,2026-SE03
374,Influenza B,11,2026,3,2026-SE03
374,Metapneumovírus,69,2026,3,2026-SE03
374,Outros vírus respiratórios,16,2026,3,2026-SE03
374,Parainfluenza,20,2026,3,2026-SE03
374,Rinovírus,203,2026,3,2026-SE03
374,SARS-CoV-2,135,2026,3,2026-SE03
374,VSR,72,2026,3,2026-SE03
375,Adenovírus,34,2026,4,2026-SE04
375,Bocavírus,2,2026,4,2026-SE04
375,Influenza A(H1N1)pdm09,8,2026,4,2026-SE04
375,Influenza A(H3N2),38,2026,4,2026-SE04
375,Influenza A(não subtipada),52,2026,4,2026-SE04
375,Influenza B,11,2026,4,2026-SE04
375,Metapneumovírus,56,2026,4,2026-SE04
375,Outros vírus respiratórios,15,2026,4,2026-SE04
375,Parainfluenza,11,2026,4,2026-SE04
375,Rinovírus,257,2026,4,2026-SE04
375,SARS-CoV-2,117,2026,4,2026-SE04
375,VSR,75,2026,4,2026-SE04
376,Adenovírus,37,2026,5,2026-SE05
376,Bocavírus,3,2026,5,2026-SE05
376,Influenza A(H1N1)pdm09,8,2026,5,2026-SE05
376,Influenza A(H3N2),43,2026,5,2026-SE05
376,Influenza A(não subtipada),73,2026,5,2026-SE05
376,Influenza B,16,2026,5,2026-SE05
376,Metapneumovírus,50,2026,5,2026-SE05
376,Outros vírus respiratórios,22,2026,5,2026-SE05
376,Parainfluenza,14,2026,5,2026-SE05
376,Rinovírus,382,2026,5,2026-SE05
376,SARS-CoV-2,144,2026,5,2026-SE05
376,VSR,149,2026,5,2026-SE05
377,Adenovírus,44,2026,6,2026-SE06
377,Bocavírus,1,2026,6,2026-SE06
377,Influenza A(H1N1)pdm09,10,2026,6,2026-SE06
377,Influenza A(H3N2),50,2026,6,2026-SE06
377,Influenza A(não subtipada),129,2026,6,2026-SE06
377,Influenza B,16,2026,6,2026-SE06
377,Metapneumovírus,87,2026,6,2026-SE06
377,Outros vírus respiratórios,32,2026,6,2026-SE06
377,Parainfluenza,22,2026,6,2026-SE06
377,Rinovírus,528,2026,6,2026-SE06
377,SARS-CoV-2,143,2026,6,2026-SE06
377,VSR,164,2026,6,2026-SE06
378,Adenovírus,53,2026,7,2026-SE07
378,Bocavírus,6,2026,7,2026-SE07
378,Influenza A(H1N1)pdm09,9,2026,7,2026-SE07
378,Influenza A(H3N2),91,2026,7,2026-SE07
378,Influenza A(não subtipada),193,2026,7,2026-SE07
378,Influenza B,21,2026,7,2026-SE07
378,Metapneumovírus,93,2026,7,2026-SE07
378,Outros vírus respiratórios,28,2026,7,2026-SE07
378,Parainfluenza,21,2026,7,2026-SE07
378,Rinovírus,778,2026,7,2026-SE07
378,SARS-CoV-2,176,2026,7,2026-SE07
378,VSR,206,2026,7,2026-SE07
379,Adenovírus,60,2026,8,2026-SE08
379,Bocavírus,5,2026,8,2026-SE08
379,Influenza A(H1N1)pdm09,19,2026,8,2026-SE08
379,Influenza A(H3N2),114,2026,8,2026-SE08
379,Influenza A(não subtipada),235,2026,8,2026-SE08
379,Influenza B,16,2026,8,2026-SE08
379,Metapneumovírus,103,2026,8,2026-SE08
379,Outros vírus respiratórios,37,2026,8,2026-SE08
379,Parainfluenza,20,2026,8,2026-SE08
379,Rinovírus,719,2026,8,2026-SE08
379,SARS-CoV-2,181,2026,8,2026-SE08
379,VSR,182,2026,8,2026-SE08
380,Adenovírus,87,2026,9,2026-SE09
380,Bocavírus,8,2026,9,2026-SE09
380,Influenza A(H1N1)pdm09,15,2026,9,2026-SE09
380,Influenza A(H3N2),140,2026,9,2026-SE09
380,Influenza A(não subtipada),344,2026,9,2026-SE09
380,Influenza B,22,2026,9,2026-SE09
380,Metapneumovírus,128,2026,9,2026-SE09
380,Outros vírus respiratórios,54,2026,9,2026-SE09
380,Parainfluenza,32,2026,9,2026-SE09
380,Rinovírus,1083,2026,9,2026-SE09
380,SARS-CoV-2,167,2026,9,2026-SE09
380,VSR,343,2026,9,2026-SE09
381,Adenovírus,95,2026,10,2026-SE10
381,Bocavírus,8,2026,10,2026-SE10
381,Influenza A(H1N1)pdm09,19,2026,10,2026-SE10
381,Influenza A(H3N2),201,2026,10,2026-SE10
381,Influenza A(não subtipada),314,2026,10,2026-SE10
381,Influenza B,35,2026,10,2026-SE10
381,Metapneumovírus,138,2026,10,2026-SE10
381,Outros vírus respiratórios,66,2026,10,2026-SE10
381,Parainfluenza,39,2026,10,2026-SE10
381,Rinovírus,1015,2026,10,2026-SE10
381,SARS-CoV-2,132,2026,10,2026-SE10
381,VSR,404,2026,10,2026-SE10
382,Adenovírus,102,2026,11,2026-SE11
382,Bocavírus,5,2026,11,2026-SE11
382,Influenza A(H1N1)pdm09,26,2026,11,2026-SE11
382,Influenza A(H3N2),215,2026,11,2026-SE11
382,Influenza A(não subtipada),375,2026,11,2026-SE11
382,Influenza B,43,2026,11,2026-SE11
382,Metapneumovírus,109,2026,11,2026-SE11
382,Outros vírus respiratórios,66,2026,11,2026-SE11
382,Parainfluenza,26,2026,11,2026-SE11
382,Rinovírus,910,2026,11,2026-SE11
382,SARS-CoV-2,143,2026,11,2026-SE11
382,VSR,516,2026,11,2026-SE11
383,Adenovírus,99,2026,12,2026-SE12
383,Bocavírus,9,2026,12,2026-SE12
383,Influenza A(H1N1)pdm09,13,2026,12,2026-SE12
383,Influenza A(H3N2),221,2026,12,2026-SE12
383,Influenza A(não subtipada),365,2026,12,2026-SE12
383,Influenza B,49,2026,12,2026-SE12
383,Metapneumovírus,121,2026,12,2026-SE12
383,Outros vírus respiratórios,47,2026,12,2026-SE12
383,Parainfluenza,37,2026,12,2026-SE12
383,Rinovírus,667,2026,12,2026-SE12
383,SARS-CoV-2,95,2026,12,2026-SE12
383,VSR,656,2026,12,2026-SE12
384,Adenovírus,119,2026,13,2026-SE13
384,Bocavírus,9,2026,13,2026-SE13
384,Influenza A(H1N1)pdm09,18,2026,13,2026-SE13
384,Influenza A(H3N2),225,2026,13,2026-SE13
384,Influenza A(não subtipada),426,2026,13,2026-SE13
384,Influenza B,44,2026,13,2026-SE13
384,Metapneumovírus,133,2026,13,2026-SE13
384,Outros vírus respiratórios,57,2026,13,2026-SE13
384,Parainfluenza,36,2026,13,2026-SE13
384,Rinovírus,656,2026,13,2026-SE13
384,SARS-CoV-2,86,2026,13,2026-SE13
384,VSR,825,2026,13,2026-SE13
385,Adenovírus,122,2026,14,2026-SE14
385,Bocavírus,12,2026,14,2026-SE14
385,Influenza A(H1N1)pdm09,25,2026,14,2026-SE14
385,Influenza A(H3N2),244,2026,14,2026-SE14
385,Influenza A(não subtipada),447,2026,14,2026-SE14
385,Influenza B,92,2026,14,2026-SE14
385,Metapneumovírus,160,2026,14,2026-SE14
385,Outros vírus respiratórios,52,2026,14,2026-SE14
385,Parainfluenza,35,2026,14,2026-SE14
385,Rinovírus,753,2026,14,2026-SE14
385,SARS-CoV-2,79,2026,14,2026-SE14
385,VSR,1012,2026,14,2026-SE14
386,Adenovírus,164,2026,15,2026-SE15
386,Bocavírus,20,2026,15,2026-SE15
386,Influenza A(H1N1)pdm09,24,2026,15,2026-SE15
386,Influenza A(H3N2),266,2026,15,2026-SE15
386,Influenza A(não subtipada),430,2026,15,2026-SE15
386,Influenza B,91,2026,15,2026-SE15
386,Metapneumovírus,163,2026,15,2026-SE15
386,Outros vírus respiratórios,71,2026,15,2026-SE15
386,Parainfluenza,43,2026,15,2026-SE15
386,Rinovírus,801,2026,15,2026-SE15
386,SARS-CoV-2,88,2026,15,2026-SE15
386,VSR,1159,2026,15,2026-SE15
387,Adenovírus,162,2026,16,2026-SE16
387,Bocavírus,20,2026,16,2026-SE16
387,Influenza A(H1N1)pdm09,19,2026,16,2026-SE16
387,Influenza A(H3N2),264,2026,16,2026-SE16
387,Influenza A(não subtipada),375,2026,16,2026-SE16
387,Influenza B,114,2026,16,2026-SE16
387,Metapneumovírus,171,2026,16,2026-SE16
387,Outros vírus respiratórios,77,2026,16,2026-SE16
387,Parainfluenza,34,2026,16,2026-SE16
387,Rinovírus,811,2026,16,2026-SE16
387,SARS-CoV-2,83,2026,16,2026-SE16
387,VSR,1332,2026,16,2026-SE16
388,Adenovírus,176,2026,17,2026-SE17
388,Bocavírus,24,2026,17,2026-SE17
388,Influenza A(H1N1)pdm09,11,2026,17,2026-SE17
388,Influenza A(H3N2),222,2026,17,2026-SE17
388,Influenza A(não subtipada),360,2026,17,2026-SE17
388,Influenza B,127,2026,17,2026-SE17
388,Metapneumovírus,129,2026,17,2026-SE17
388,Outros vírus respiratórios,79,2026,17,2026-SE17
388,Parainfluenza,33,2026,17,2026-SE17
388,Rinovírus,785,2026,17,2026-SE17
388,SARS-CoV-2,70,2026,17,2026-SE17
388,VSR,1423,2026,17,2026-SE17
389,Adenovírus,182,2026,18,2026-SE18
389,Bocavírus,24,2026,18,2026-SE18
389,Influenza A(H1N1)pdm09,19,2026,18,2026-SE18
389,Influenza A(H3N2),248,2026,18,2026-SE18
389,Influenza A(não subtipada),322,2026,18,2026-SE18
389,Influenza B,132,2026,18,2026-SE18
389,Metapneumovírus,147,2026,18,2026-SE18
389,Outros vírus respiratórios,64,2026,18,2026-SE18
389,Parainfluenza,21,2026,18,2026-SE18
389,Rinovírus,810,2026,18,2026-SE18
389,SARS-CoV-2,63,2026,18,2026-SE18
389,VSR,1631,2026,18,2026-SE18
390,Adenovírus,180,2026,19,2026-SE19
390,Bocavírus,33,2026,19,2026-SE19
390,Influenza A(H1N1)pdm09,18,2026,19,2026-SE19
390,Influenza A(H3N2),300,2026,19,2026-SE19
390,Influenza A(não subtipada),384,2026,19,2026-SE19
390,Influenza B,204,2026,19,2026-SE19
390,Metapneumovírus,124,2026,19,2026-SE19
390,Outros vírus respiratórios,80,2026,19,2026-SE19
390,Parainfluenza,22,2026,19,2026-SE19
390,Rinovírus,1037,2026,19,2026-SE19
390,SARS-CoV-2,85,2026,19,2026-SE19
390,VSR,2005,2026,19,2026-SE19
391,Adenovírus,189,2026,20,2026-SE20
391,Bocavírus,38,2026,20,2026-SE20
391,Influenza A(H1N1)pdm09,24,2026,20,2026-SE20
391,Influenza A(H3N2),305,2026,20,2026-SE20
391,Influenza A(não subtipada),383,2026,20,2026-SE20
391,Influenza B,237,2026,20,2026-SE20
391,Metapneumovírus,143,2026,20,2026-SE20
391,Outros vírus respiratórios,71,2026,20,2026-SE20
391,Parainfluenza,32,2026,20,2026-SE20
391,Rinovírus,1079,2026,20,2026-SE20
391,SARS-CoV-2,82,2026,20,2026-SE20
391,VSR,1999,2026,20,2026-SE20
392,Adenovírus,176,2026,21,2026-SE21
392,Bocavírus,33,2026,21,2026-SE21
392,Influenza A(H1N1)pdm09,12,2026,21,2026-SE21
392,Influenza A(H3N2),253,2026,21,2026-SE21
392,Influenza A(não subtipada),318,2026,21,2026-SE21
392,Influenza B,254,2026,21,2026-SE21
392,Metapneumovírus,102,2026,21,2026-SE21
392,Outros vírus respiratórios,75,2026,21,2026-SE21
392,Parainfluenza,26,2026,21,2026-SE21
392,Rinovírus,998,2026,21,2026-SE21
392,SARS-CoV-2,66,2026,21,2026-SE21
392,VSR,2035,2026,21,2026-SE21
393,Adenovírus,200,2026,22,2026-SE22
393,Bocavírus,41,2026,22,2026-SE22
393,Influenza A(H1N1)pdm09,7,2026,22,2026-SE22
393,Influenza A(H3N2),208,2026,22,2026-SE22
393,Influenza A(não subtipada),319,2026,22,2026-SE22
393,Influenza B,312,2026,22,2026-SE22
393,Metapneumovírus,112,2026,22,2026-SE22
393,Outros vírus respiratórios,59,2026,22,2026-SE22
393,Parainfluenza,25,2026,22,2026-SE22
393,Rinovírus,971,2026,22,2026-SE22
393,SARS-CoV-2,60,2026,22,2026-SE22
393,VSR,2134,2026,22,2026-SE22
394,Adenovírus,195,2026,23,2026-SE23
394,Bocavírus,24,2026,23,2026-SE23
394,Influenza A(H1N1)pdm09,10,2026,23,2026-SE23
394,Influenza A(H3N2),147,2026,23,2026-SE23
394,Influenza A(não subtipada),266,2026,23,2026-SE23
394,Influenza B,311,2026,23,2026-SE23
394,Metapneumovírus,101,2026,23,2026-SE23
394,Outros vírus respiratórios,60,2026,23,2026-SE23
394,Parainfluenza,22,2026,23,2026-SE23
394,Rinovírus,854,2026,23,2026-SE23
394,SARS-CoV-2,85,2026,23,2026-SE23
394,VSR,2037,2026,23,2026-SE23
395,Adenovírus,209,2026,24,2026-SE24
395,Bocavírus,29,2026,24,2026-SE24
395,Influenza A(H1N1)pdm09,9,2026,24,2026-SE24
395,Influenza A(H3N2),106,2026,24,2026-SE24
395,Influenza A(não subtipada),248,2026,24,2026-SE24
395,Influenza B,298,2026,24,2026-SE24
395,Metapneumovírus,128,2026,24,2026-SE24
395,Outros vírus respiratórios,61,2026,24,2026-SE24
395,Parainfluenza,18,2026,24,2026-SE24
395,Rinovírus,913,2026,24,2026-SE24
395,SARS-CoV-2,71,2026,24,2026-SE24
395,VSR,1969,2026,24,2026-SE24
396,Adenovírus,192,2026,25,2026-SE25
396,Bocavírus,28,2026,25,2026-SE25
396,Influenza A(H1N1)pdm09,5,2026,25,2026-SE25
396,Influenza A(H3N2),96,2026,25,2026-SE25
396,Influenza A(não subtipada),199,2026,25,2026-SE25
396,Influenza B,259,2026,25,2026-SE25
396,Metapneumovírus,128,2026,25,2026-SE25
396,Outros vírus respiratórios,36,2026,25,2026-SE25
396,Parainfluenza,23,2026,25,2026-SE25
396,Rinovírus,872,2026,25,2026-SE25
396,SARS-CoV-2,41,2026,25,2026-SE25
396,VSR,1812,2026,25,2026-SE25
397,Adenovírus,192,2026,26,2026-SE26
397,Bocavírus,17,2026,26,2026-SE26
397,Influenza A(H1N1)pdm09,2,2026,26,2026-SE26
397,Influenza A(H3N2),78,2026,26,2026-SE26
397,Influenza A(não subtipada),146,2026,26,2026-SE26
397,Influenza B,302,2026,26,2026-SE26
397,Metapneumovírus,157,2026,26,2026-SE26
397,Outros vírus respiratórios,57,2026,26,2026-SE26
397,Parainfluenza,19,2026,26,2026-SE26
397,Rinovírus,875,2026,26,2026-SE26
397,SARS-CoV-2,54,2026,26,2026-SE26
397,VSR,1895,2026,26,2026-SE26
398,Adenovírus,210,2026,27,2026-SE27
398,Bocavírus,29,2026,27,2026-SE27
398,Influenza A(H1N1)pdm09,3,2026,27,2026-SE27
398,Influenza A(H3N2),63,2026,27,2026-SE27
398,Influenza A(não subtipada),129,2026,27,2026-SE27
398,Influenza B,307,2026,27,2026-SE27
398,Metapneumovírus,183,2026,27,2026-SE27
398,Outros vírus respiratórios,51,2026,27,2026-SE27
398,Parainfluenza,25,2026,27,2026-SE27
398,Rinovírus,752,2026,27,2026-SE27
398,SARS-CoV-2,49,2026,27,2026-SE27
398,VSR,1584,2026,27,2026-SE27
399,Adenovírus,145,2026,28,2026-SE28
399,Bocavírus,30,2026,28,2026-SE28
399,Influenza A(H1N1)pdm09,1,2026,28,2026-SE28
399,Influenza A(H3N2),51,2026,28,2026-SE28
399,Influenza A(não subtipada),91,2026,28,2026-SE28
399,Influenza B,207,2026,28,2026-SE28
399,Metapneumovírus,179,2026,28,2026-SE28
399,Outros vírus respiratórios,29,2026,28,2026-SE28
399,Parainfluenza,24,2026,28,2026-SE28
399,Rinovírus,641,2026,28,2026-SE28
399,SARS-CoV-2,35,2026,28,2026-SE28
399,VSR,1194,2026,28,2026-SE28
400,Adenovírus,122,2026,29,2026-SE29
400,Bocavírus,21,2026,29,2026-SE29
400,Influenza A(H1N1)pdm09,3,2026,29,2026-SE29
400,Influenza A(H3N2),23,2026,29,2026-SE29
400,Influenza A(não subtipada),61,2026,29,2026-SE29
400,Influenza B,185,2026,29,2026-SE29
400,Metapneumovírus,196,2026,29,2026-SE29
400,Outros vírus respiratórios,37,2026,29,2026-SE29
400,Parainfluenza,17,2026,29,2026-SE29
400,Rinovírus,545,2026,29,2026-SE29
400,SARS-CoV-2,38,2026,29,2026-SE29
400,VSR,838,2026,29,2026-SE29
401,Adenovírus,96,2026,30,2026-SE30
401,Bocavírus,17,2026,30,2026-SE30
401,Influenza A(H1N1)pdm09,0,2026,30,2026-SE30
401,Influenza A(H3N2),12,2026,30,2026-SE30
401,Influenza A(não subtipada),58,2026,30,2026-SE30
401,Influenza B,143,2026,30,2026-SE30
401,Metapneumovírus,158,2026,30,2026-SE30
401,Outros vírus respiratórios,31,2026,30,2026-SE30
401,Parainfluenza,16,2026,30,2026-SE30
401,Rinovírus,490,2026,30,2026-SE30
401,SARS-CoV-2,17,2026,30,2026-SE30
401,VSR,655,2026,30,2026-SE30
402,Adenovírus,97,2026,31,2026-SE31
402,Bocavírus,18,2026,31,2026-SE31
402,Influenza A(H1N1)pdm09,0,2026,31,2026-SE31
402,Influenza A(H3N2),3,2026,31,2026-SE31
402,Influenza A(não subtipada),38,2026,31,2026-SE31
402,Influenza B,97,2026,31,2026-SE31
402,Metapneumovírus,149,2026,31,2026-SE31
402,Outros vírus respiratórios,27,2026,31,2026-SE31
402,Parainfluenza,13,2026,31,2026-SE31
402,Rinovírus,496,2026,31,2026-SE31
402,SARS-CoV-2,24,2026,31,2026-SE31
402,VSR,425,2026,31,2026-SE31
403,Adenovírus,86,2026,32,2026-SE32
403,Bocavírus,26,2026,32,2026-SE32
403,Influenza A(H1N1)pdm09,0,2026,32,2026-SE32
403,Influenza A(H3N2),4,2026,32,2026-SE32
403,Influenza A(não subtipada),23,2026,32,2026-SE32
403,Influenza B,74,2026,32,2026-SE32
403,Metapneumovírus,157,2026,32,2026-SE32
403,Outros vírus respiratórios,28,2026,32,2026-SE32
403,Parainfluenza,14,2026,32,2026-SE32
403,Rinovírus,495,2026,32,2026-SE32
403,SARS-CoV-2,20,2026,32,2026-SE32
403,VSR,383,2026,32,2026-SE32
404,Adenovírus,53,2026,33,2026-SE33
404,Bocavírus,10,2026,33,2026-SE33
404,Influenza A(H1N1)pdm09,0,2026,33,2026-SE33
404,Influenza A(H3N2),1,2026,33,2026-SE33
404,Influenza A(não subtipada),37,2026,33,2026-SE33
404,Influenza B,50,2026,33,2026-SE33
404,Metapneumovírus,104,2026,33,2026-SE33
404,Outros vírus respiratórios,27,2026,33,2026-SE33
404,Parainfluenza,5,2026,33,2026-SE33
404,Rinovírus,410,2026,33,2026-SE33
404,SARS-CoV-2,19,2026,33,2026-SE33
404,VSR,199,2026,33,2026-SE33
405,Adenovírus,5,2026,34,2026-SE34
405,Bocavírus,0,2026,34,2026-SE34
405,Influenza A(H1N1)pdm09,1,2026,34,2026-SE34
405,Influenza A(H3N2),0,2026,34,2026-SE34
405,Influenza A(não subtipada),6,2026,34,2026-SE34
405,Influenza B,8,2026,34,2026-SE34
405,Metapneumovírus,16,2026,34,2026-SE34
405,Outros vírus respiratórios,1,2026,34,2026-SE34
405,Parainfluenza,0,2026,34,2026-SE34
405,Rinovírus,58,2026,34,2026-SE34
405,SARS-CoV-2,4,2026,34,2026-SE34
405,VSR,30,2026,34,2026-SE34
